hacker_id,contest_id,challenge_id,language,solved,created_at
c07023833bb13706,c8ff662c97d345d2,32863af4fa5c200b,cpp,0,2013-09-25 18:59:00 UTC
c07023833bb13706,c8ff662c97d345d2,32863af4fa5c200b,cpp,1,2013-09-25 19:24:20 UTC
c07023833bb13706,c8ff662c97d345d2,32863af4fa5c200b,cpp,0,2013-09-25 19:28:40 UTC
c07023833bb13706,c8ff662c97d345d2,32863af4fa5c200b,cpp,0,2013-09-25 19:36:15 UTC
c07023833bb13706,c8ff662c97d345d2,14494ad91c883fa1,cpp,1,2013-10-09 16:41:35 UTC
c07023833bb13706,c8ff662c97d345d2,aeb2c3dc4c20014f,cpp,1,2013-10-09 17:06:48 UTC
c07023833bb13706,c8ff662c97d345d2,0b33fa0e17628ec9,cpp,0,2013-10-10 11:59:19 UTC
c07023833bb13706,c8ff662c97d345d2,0b33fa0e17628ec9,cpp,0,2013-10-10 12:19:01 UTC
c07023833bb13706,c8ff662c97d345d2,0b33fa0e17628ec9,cpp,0,2013-10-10 12:35:11 UTC
c07023833bb13706,c8ff662c97d345d2,0b33fa0e17628ec9,cpp,0,2013-10-10 12:37:58 UTC
c07023833bb13706,c8ff662c97d345d2,0b33fa0e17628ec9,cpp,0,2013-10-10 12:58:56 UTC
c07023833bb13706,c8ff662c97d345d2,0b33fa0e17628ec9,cpp,0,2013-10-10 13:03:35 UTC
c07023833bb13706,c8ff662c97d345d2,cf7aec14125de538,cpp,0,2013-10-11 14:11:56 UTC
c07023833bb13706,c8ff662c97d345d2,c3647a9292e553b9,cpp,1,2013-10-11 14:15:05 UTC
c07023833bb13706,c8ff662c97d345d2,c3647a9292e553b9,cpp,0,2013-10-11 14:17:52 UTC
c07023833bb13706,c8ff662c97d345d2,c3647a9292e553b9,cpp,1,2013-10-11 14:18:26 UTC
c07023833bb13706,c8ff662c97d345d2,0b33fa0e17628ec9,cpp,1,2013-10-11 16:21:51 UTC
c07023833bb13706,c8ff662c97d345d2,cf7aec14125de538,cpp,1,2013-10-11 20:05:01 UTC
c07023833bb13706,c8ff662c97d345d2,4e1bd7090485fcd9,cpp,1,2013-10-11 21:03:09 UTC
c07023833bb13706,c8ff662c97d345d2,08a5f5f58fe5f586,cpp,0,2013-10-12 10:13:23 UTC
c07023833bb13706,c8ff662c97d345d2,08a5f5f58fe5f586,cpp,0,2013-10-12 10:22:57 UTC
c07023833bb13706,c8ff662c97d345d2,08a5f5f58fe5f586,cpp,1,2013-10-12 10:34:03 UTC
c07023833bb13706,c8ff662c97d345d2,3411e4e6add2b8e4,cpp,0,2013-10-13 18:37:00 UTC
c07023833bb13706,c8ff662c97d345d2,3411e4e6add2b8e4,cpp,0,2013-10-13 18:53:39 UTC
c07023833bb13706,c8ff662c97d345d2,3411e4e6add2b8e4,cpp,0,2013-10-13 20:00:37 UTC
c07023833bb13706,c8ff662c97d345d2,3411e4e6add2b8e4,cpp,0,2013-10-13 20:03:52 UTC
c07023833bb13706,c8ff662c97d345d2,2ed2beb267c554dc,cpp,0,2013-10-15 21:40:14 UTC
c07023833bb13706,c8ff662c97d345d2,2ed2beb267c554dc,cpp,0,2013-10-15 21:42:28 UTC
c07023833bb13706,c8ff662c97d345d2,2ed2beb267c554dc,cpp,0,2013-10-16 16:30:18 UTC
c07023833bb13706,c8ff662c97d345d2,2ed2beb267c554dc,cpp,0,2013-10-16 16:40:41 UTC
c07023833bb13706,c8ff662c97d345d2,2ed2beb267c554dc,cpp,0,2013-10-16 16:41:02 UTC
c07023833bb13706,c8ff662c97d345d2,8af6cdc91a12dbed,cpp,1,2013-10-16 16:52:50 UTC
c07023833bb13706,c8ff662c97d345d2,2ed2beb267c554dc,cpp,0,2013-10-16 17:16:23 UTC
c07023833bb13706,c8ff662c97d345d2,2ed2beb267c554dc,cpp,0,2013-10-16 17:43:17 UTC
c07023833bb13706,c8ff662c97d345d2,2ed2beb267c554dc,cpp,0,2013-10-16 17:51:20 UTC
c07023833bb13706,c8ff662c97d345d2,2ed2beb267c554dc,cpp,0,2013-10-16 18:07:29 UTC
c07023833bb13706,c8ff662c97d345d2,2ed2beb267c554dc,cpp,0,2013-10-16 18:10:24 UTC
c07023833bb13706,c8ff662c97d345d2,2ed2beb267c554dc,cpp,0,2013-10-16 18:12:05 UTC
c07023833bb13706,c8ff662c97d345d2,f144c87d3373f146,cpp,0,2013-10-19 17:35:13 UTC
c07023833bb13706,c8ff662c97d345d2,f144c87d3373f146,cpp,0,2013-10-19 17:38:42 UTC
c07023833bb13706,c8ff662c97d345d2,daca00e89ba40904,cpp,1,2013-10-19 17:39:16 UTC
c07023833bb13706,c8ff662c97d345d2,f144c87d3373f146,cpp,0,2013-10-19 17:42:36 UTC
c07023833bb13706,c8ff662c97d345d2,daca00e89ba40904,cpp,1,2013-10-19 19:39:12 UTC
c07023833bb13706,c8ff662c97d345d2,ab1bdad8537b85cd,cpp,1,2013-10-19 19:55:07 UTC
c07023833bb13706,c8ff662c97d345d2,939ee1556b787b8f,clojure,0,2013-10-25 14:27:30 UTC
c07023833bb13706,c8ff662c97d345d2,939ee1556b787b8f,clojure,0,2013-10-25 14:30:23 UTC
c07023833bb13706,c8ff662c97d345d2,939ee1556b787b8f,clojure,0,2013-10-25 14:34:58 UTC
c07023833bb13706,c8ff662c97d345d2,939ee1556b787b8f,clojure,0,2013-10-25 14:50:23 UTC
c07023833bb13706,c8ff662c97d345d2,f144c87d3373f146,cpp,0,2013-10-25 15:20:31 UTC
c07023833bb13706,c8ff662c97d345d2,f144c87d3373f146,cpp,0,2013-10-25 15:21:41 UTC
c07023833bb13706,c8ff662c97d345d2,f144c87d3373f146,cpp,1,2013-10-25 17:24:09 UTC
c07023833bb13706,c8ff662c97d345d2,f144c87d3373f146,cpp,1,2013-10-25 17:25:26 UTC
c07023833bb13706,c8ff662c97d345d2,76fba8ff25f765b6,python,0,2013-10-25 20:16:30 UTC
c07023833bb13706,c8ff662c97d345d2,76fba8ff25f765b6,python,0,2013-10-25 20:18:23 UTC
c07023833bb13706,c8ff662c97d345d2,76fba8ff25f765b6,cpp,0,2013-10-25 20:50:45 UTC
c07023833bb13706,c8ff662c97d345d2,76fba8ff25f765b6,python,1,2013-10-25 20:52:32 UTC
c07023833bb13706,c8ff662c97d345d2,966232bc4c111693,cpp,0,2013-10-26 07:29:19 UTC
c07023833bb13706,c8ff662c97d345d2,1e5b724075cd3d1e,python,0,2013-10-26 08:33:09 UTC
c07023833bb13706,c8ff662c97d345d2,1e5b724075cd3d1e,python,0,2013-10-26 08:35:03 UTC
c07023833bb13706,c8ff662c97d345d2,1e5b724075cd3d1e,cpp,0,2013-10-26 09:04:52 UTC
c07023833bb13706,c8ff662c97d345d2,1e5b724075cd3d1e,cpp,0,2013-10-26 09:06:13 UTC
c07023833bb13706,c8ff662c97d345d2,1e5b724075cd3d1e,cpp,0,2013-10-26 09:06:53 UTC
c07023833bb13706,c8ff662c97d345d2,27c65bab4f7ae58b,cpp,1,2013-10-26 17:33:20 UTC
c07023833bb13706,c8ff662c97d345d2,27c65bab4f7ae58b,cpp,1,2013-10-26 17:36:06 UTC
c07023833bb13706,c8ff662c97d345d2,c874cac3b31f5875,python,0,2013-10-26 17:38:02 UTC
c07023833bb13706,c8ff662c97d345d2,c874cac3b31f5875,python,0,2013-10-27 12:46:38 UTC
c07023833bb13706,c8ff662c97d345d2,0173f00226fa8137,cpp,1,2013-10-27 18:20:06 UTC
c07023833bb13706,c8ff662c97d345d2,0173f00226fa8137,python,0,2013-10-27 18:30:34 UTC
c07023833bb13706,c8ff662c97d345d2,0173f00226fa8137,python,0,2013-10-27 18:31:47 UTC
c07023833bb13706,c8ff662c97d345d2,0173f00226fa8137,cpp,1,2013-10-27 18:32:13 UTC
c07023833bb13706,c8ff662c97d345d2,0fc22f37330131d5,cpp,1,2013-10-27 19:06:37 UTC
c07023833bb13706,c8ff662c97d345d2,c813fd94ac8084a3,python,0,2013-10-28 20:24:12 UTC
c07023833bb13706,c8ff662c97d345d2,c813fd94ac8084a3,python,0,2013-10-28 20:25:43 UTC
c07023833bb13706,c8ff662c97d345d2,c813fd94ac8084a3,python,0,2013-10-28 21:07:00 UTC
c07023833bb13706,c8ff662c97d345d2,52a1f8e122ccad1a,cpp,0,2013-10-29 19:41:16 UTC
c07023833bb13706,c8ff662c97d345d2,52a1f8e122ccad1a,python,0,2013-10-29 20:29:54 UTC
c07023833bb13706,c8ff662c97d345d2,c874cac3b31f5875,python,1,2013-10-30 08:17:28 UTC
c07023833bb13706,c8ff662c97d345d2,c874cac3b31f5875,python,1,2013-10-30 08:32:25 UTC
c07023833bb13706,c8ff662c97d345d2,6d7b38bc199f84b8,cpp,0,2013-10-30 18:13:32 UTC
c07023833bb13706,c8ff662c97d345d2,6d95afeb4d968b91,cpp,1,2013-10-30 18:16:41 UTC
c07023833bb13706,c8ff662c97d345d2,6d95afeb4d968b91,cpp,1,2013-10-30 18:23:19 UTC
c07023833bb13706,c8ff662c97d345d2,638370113f88e004,cpp,0,2013-10-30 19:47:36 UTC
c07023833bb13706,c8ff662c97d345d2,6d7b38bc199f84b8,cpp,1,2013-10-31 10:04:52 UTC
c07023833bb13706,c8ff662c97d345d2,28d433f78afdce40,cpp,0,2013-10-31 16:29:00 UTC
c07023833bb13706,c8ff662c97d345d2,638370113f88e004,python,0,2013-11-02 17:16:03 UTC
c07023833bb13706,c8ff662c97d345d2,638370113f88e004,python,0,2013-11-02 17:24:19 UTC
c07023833bb13706,c8ff662c97d345d2,52a1f8e122ccad1a,python,0,2013-11-02 17:40:01 UTC
c07023833bb13706,bcd7401090d64a75,43b4c6b6f9de8346,cpp,0,2013-11-02 18:03:34 UTC
c07023833bb13706,bcd7401090d64a75,43b4c6b6f9de8346,cpp,0,2013-11-02 18:05:28 UTC
c07023833bb13706,bcd7401090d64a75,43b4c6b6f9de8346,cpp,0,2013-11-02 18:10:30 UTC
c07023833bb13706,bcd7401090d64a75,0d64b71426420f57,cpp,0,2013-11-02 18:55:05 UTC
c07023833bb13706,bcd7401090d64a75,0d64b71426420f57,cpp,0,2013-11-02 18:59:14 UTC
c07023833bb13706,bcd7401090d64a75,0d64b71426420f57,cpp,0,2013-11-02 19:06:53 UTC
c07023833bb13706,bcd7401090d64a75,0d64b71426420f57,cpp,0,2013-11-02 19:10:20 UTC
c07023833bb13706,bcd7401090d64a75,43b4c6b6f9de8346,cpp,0,2013-11-02 19:50:33 UTC
c07023833bb13706,bcd7401090d64a75,43b4c6b6f9de8346,cpp,0,2013-11-02 19:58:28 UTC
c07023833bb13706,bcd7401090d64a75,43b4c6b6f9de8346,python,0,2013-11-02 20:02:41 UTC
c07023833bb13706,bcd7401090d64a75,43b4c6b6f9de8346,python,1,2013-11-02 20:12:27 UTC
c07023833bb13706,bcd7401090d64a75,43b4c6b6f9de8346,cpp,0,2013-11-02 20:35:30 UTC
c07023833bb13706,bcd7401090d64a75,43b4c6b6f9de8346,cpp,0,2013-11-02 20:36:08 UTC
c07023833bb13706,c8ff662c97d345d2,28d433f78afdce40,cpp,1,2013-11-03 15:05:58 UTC
c07023833bb13706,c8ff662c97d345d2,28d433f78afdce40,cpp,1,2013-11-03 15:06:54 UTC
c07023833bb13706,c8ff662c97d345d2,04d37de4a52f9e22,cpp,1,2013-11-03 19:59:14 UTC
c07023833bb13706,c8ff662c97d345d2,55502212504a74d9,cpp,1,2013-11-03 20:11:30 UTC
c07023833bb13706,c8ff662c97d345d2,2c85a2ea2f9e611e,python,0,2013-11-04 16:44:58 UTC
c07023833bb13706,c8ff662c97d345d2,0622d28085b371fe,python,1,2013-11-04 16:52:59 UTC
c07023833bb13706,c8ff662c97d345d2,acb2effa0bc07b87,cpp,1,2013-11-04 17:02:11 UTC
c07023833bb13706,c8ff662c97d345d2,752ca8ef6b4c60af,cpp,0,2013-11-04 17:07:42 UTC
c07023833bb13706,c8ff662c97d345d2,752ca8ef6b4c60af,cpp,0,2013-11-04 17:11:49 UTC
c07023833bb13706,c8ff662c97d345d2,752ca8ef6b4c60af,cpp,0,2013-11-04 17:12:59 UTC
c07023833bb13706,c8ff662c97d345d2,e791624cff8e291e,cpp,0,2013-11-04 18:01:36 UTC
c07023833bb13706,c8ff662c97d345d2,eb1c02ce8ab444ba,python,0,2013-11-05 16:57:50 UTC
c07023833bb13706,c8ff662c97d345d2,eb1c02ce8ab444ba,python,0,2013-11-05 17:19:23 UTC
c07023833bb13706,c8ff662c97d345d2,752ca8ef6b4c60af,python,0,2013-11-06 14:35:20 UTC
c07023833bb13706,c8ff662c97d345d2,752ca8ef6b4c60af,python,1,2013-11-06 14:36:02 UTC
c07023833bb13706,c8ff662c97d345d2,e791624cff8e291e,python,1,2013-11-06 14:47:56 UTC
c07023833bb13706,c8ff662c97d345d2,752ca8ef6b4c60af,cpp,0,2013-11-06 14:49:18 UTC
c07023833bb13706,c8ff662c97d345d2,4874a3b5d3779dca,python,0,2013-11-06 20:11:09 UTC
c07023833bb13706,c8ff662c97d345d2,fd039ea79b82e1db,python,1,2013-11-06 21:17:07 UTC
c07023833bb13706,c8ff662c97d345d2,4a806ef3daf316c6,python,1,2013-11-07 06:33:12 UTC
c07023833bb13706,c8ff662c97d345d2,4a806ef3daf316c6,python,1,2013-11-07 06:35:22 UTC
c07023833bb13706,c8ff662c97d345d2,6f492756de813a57,python,1,2013-11-07 07:31:12 UTC
c07023833bb13706,c8ff662c97d345d2,e0296de8d82b23bd,python,1,2013-11-07 07:44:56 UTC
c07023833bb13706,c8ff662c97d345d2,4874a3b5d3779dca,python,0,2013-11-08 13:33:12 UTC
c07023833bb13706,c8ff662c97d345d2,b95924b16fcde96e,python,0,2013-11-08 14:19:01 UTC
c07023833bb13706,c8ff662c97d345d2,5def1826eacc4fbe,python,0,2013-11-08 14:19:10 UTC
c07023833bb13706,c8ff662c97d345d2,b95924b16fcde96e,python,1,2013-11-08 18:11:29 UTC
c07023833bb13706,c8ff662c97d345d2,5def1826eacc4fbe,python,0,2013-11-08 18:14:59 UTC
c07023833bb13706,c8ff662c97d345d2,5def1826eacc4fbe,python,1,2013-11-08 18:22:22 UTC
c07023833bb13706,c8ff662c97d345d2,75656542ffb8ab7d,python,0,2013-11-08 20:11:08 UTC
c07023833bb13706,c8ff662c97d345d2,75656542ffb8ab7d,python,0,2013-11-08 20:20:24 UTC
c07023833bb13706,c8ff662c97d345d2,75656542ffb8ab7d,python,0,2013-11-08 20:21:27 UTC
c07023833bb13706,c8ff662c97d345d2,fe2ff862c3e2f9b6,cpp,0,2013-12-01 07:04:54 UTC
c07023833bb13706,c8ff662c97d345d2,feb666a0b4f1d685,cpp,0,2014-05-31 19:52:47 UTC
c07023833bb13706,c8ff662c97d345d2,feb666a0b4f1d685,cpp,1,2014-06-02 21:33:34 UTC
c07023833bb13706,c8ff662c97d345d2,43b4c6b6f9de8346,cpp,1,2014-06-02 22:01:40 UTC
c07023833bb13706,751a395fd0bdc16e,46592c29655cfc5e,python,0,2014-06-02 22:58:29 UTC
c07023833bb13706,751a395fd0bdc16e,46592c29655cfc5e,python,0,2014-06-02 23:13:36 UTC
c07023833bb13706,751a395fd0bdc16e,46592c29655cfc5e,python,0,2014-06-02 23:15:09 UTC
c07023833bb13706,751a395fd0bdc16e,46592c29655cfc5e,python,0,2014-06-02 23:30:54 UTC
c07023833bb13706,751a395fd0bdc16e,46592c29655cfc5e,python,0,2014-06-02 23:33:08 UTC
c07023833bb13706,c8ff662c97d345d2,5f6525508e7e07b7,cpp,0,2014-06-03 00:09:39 UTC
c07023833bb13706,c8ff662c97d345d2,5f6525508e7e07b7,cpp,0,2014-06-03 00:16:03 UTC
c07023833bb13706,c8ff662c97d345d2,5f6525508e7e07b7,cpp,1,2014-06-03 00:32:25 UTC
c07023833bb13706,c8ff662c97d345d2,e70a3d1b641f8e2e,cpp,0,2014-06-03 00:46:09 UTC
c07023833bb13706,c8ff662c97d345d2,e70a3d1b641f8e2e,cpp,0,2014-06-03 00:47:47 UTC
c07023833bb13706,c8ff662c97d345d2,e70a3d1b641f8e2e,cpp,1,2014-06-03 00:53:27 UTC
c07023833bb13706,751a395fd0bdc16e,3927a92a10f65b91,cpp,0,2014-06-03 21:45:35 UTC
c07023833bb13706,751a395fd0bdc16e,85957bca2ad6eaf3,cpp,0,2014-06-04 23:14:50 UTC
c07023833bb13706,751a395fd0bdc16e,85957bca2ad6eaf3,cpp,0,2014-06-04 23:20:29 UTC
c07023833bb13706,751a395fd0bdc16e,85957bca2ad6eaf3,cpp,0,2014-06-04 23:32:41 UTC
c07023833bb13706,751a395fd0bdc16e,85957bca2ad6eaf3,cpp,0,2014-06-04 23:56:41 UTC
c07023833bb13706,751a395fd0bdc16e,85957bca2ad6eaf3,cpp,0,2014-06-05 04:28:00 UTC
c07023833bb13706,751a395fd0bdc16e,85957bca2ad6eaf3,cpp,0,2014-06-05 04:30:13 UTC
c07023833bb13706,751a395fd0bdc16e,85957bca2ad6eaf3,cpp,0,2014-06-05 04:31:07 UTC
c07023833bb13706,751a395fd0bdc16e,85957bca2ad6eaf3,cpp,0,2014-06-05 04:33:40 UTC
c07023833bb13706,751a395fd0bdc16e,85957bca2ad6eaf3,cpp,0,2014-06-05 04:35:38 UTC
c07023833bb13706,751a395fd0bdc16e,85957bca2ad6eaf3,cpp,0,2014-06-05 04:36:16 UTC
c07023833bb13706,c8ff662c97d345d2,6ed2a6b18d1ac4e4,cpp,0,2014-06-05 04:57:39 UTC
c07023833bb13706,c8ff662c97d345d2,6ed2a6b18d1ac4e4,cpp,1,2014-06-05 04:59:16 UTC
c07023833bb13706,c8ff662c97d345d2,5e85f62bcbb42ea2,cpp,0,2014-06-05 05:25:23 UTC
c07023833bb13706,5516857d2c6c7c6c,6544f8415783245d,cpp,0,2014-06-14 19:53:23 UTC
c07023833bb13706,5516857d2c6c7c6c,6544f8415783245d,cpp,0,2014-06-14 19:57:58 UTC
c07023833bb13706,5516857d2c6c7c6c,6544f8415783245d,cpp,0,2014-06-14 20:04:46 UTC
c07023833bb13706,5516857d2c6c7c6c,6544f8415783245d,cpp,0,2014-06-14 20:16:33 UTC
c07023833bb13706,5516857d2c6c7c6c,6544f8415783245d,cpp,0,2014-06-14 20:37:15 UTC
c07023833bb13706,5516857d2c6c7c6c,6544f8415783245d,cpp,0,2014-06-14 20:43:14 UTC
c07023833bb13706,5516857d2c6c7c6c,6544f8415783245d,cpp,1,2014-06-14 20:50:12 UTC
c07023833bb13706,5516857d2c6c7c6c,2131ae3296f8bd28,cpp,0,2014-06-14 21:02:02 UTC
c07023833bb13706,5516857d2c6c7c6c,2131ae3296f8bd28,cpp,0,2014-06-14 21:15:08 UTC
c07023833bb13706,5516857d2c6c7c6c,2131ae3296f8bd28,cpp,0,2014-06-14 21:20:00 UTC
c07023833bb13706,5516857d2c6c7c6c,2131ae3296f8bd28,cpp,0,2014-06-14 21:27:03 UTC
c07023833bb13706,5516857d2c6c7c6c,b5da0130a2764b1f,cpp,0,2014-06-15 11:58:12 UTC
c07023833bb13706,5516857d2c6c7c6c,2131ae3296f8bd28,cpp,0,2014-06-15 13:08:18 UTC
c07023833bb13706,5516857d2c6c7c6c,2131ae3296f8bd28,cpp,0,2014-06-15 13:10:54 UTC
c07023833bb13706,5516857d2c6c7c6c,2131ae3296f8bd28,cpp,0,2014-06-15 13:14:45 UTC
c07023833bb13706,5516857d2c6c7c6c,2131ae3296f8bd28,cpp,0,2014-06-15 13:15:55 UTC
c07023833bb13706,5516857d2c6c7c6c,218200426e3dc290,cpp,0,2014-06-15 20:15:49 UTC
c07023833bb13706,5516857d2c6c7c6c,218200426e3dc290,cpp,0,2014-06-15 20:20:35 UTC
c07023833bb13706,5516857d2c6c7c6c,218200426e3dc290,cpp,0,2014-06-15 20:45:11 UTC
c07023833bb13706,5516857d2c6c7c6c,218200426e3dc290,cpp,0,2014-06-15 20:57:14 UTC
c07023833bb13706,5516857d2c6c7c6c,218200426e3dc290,cpp,0,2014-06-15 20:59:18 UTC
c07023833bb13706,5516857d2c6c7c6c,218200426e3dc290,cpp,0,2014-06-15 21:06:28 UTC
c07023833bb13706,5516857d2c6c7c6c,218200426e3dc290,cpp,0,2014-06-15 21:07:10 UTC
c07023833bb13706,5516857d2c6c7c6c,72b044eb9ae78b75,cpp,0,2014-06-15 21:20:11 UTC
c07023833bb13706,5516857d2c6c7c6c,86ac52b78a507778,cpp,0,2014-06-15 21:22:56 UTC
c07023833bb13706,5516857d2c6c7c6c,e901bac16d2300c6,cpp,0,2014-06-15 21:24:05 UTC
c07023833bb13706,5516857d2c6c7c6c,2131ae3296f8bd28,cpp,0,2014-06-15 22:09:59 UTC
c07023833bb13706,5516857d2c6c7c6c,2131ae3296f8bd28,cpp,0,2014-06-15 22:13:03 UTC
c07023833bb13706,31ae41ddf9265f3c,ef863d5d9813de58,cpp,0,2014-06-16 20:30:14 UTC
c07023833bb13706,31ae41ddf9265f3c,ef863d5d9813de58,cpp,0,2014-06-16 20:43:57 UTC
c07023833bb13706,31ae41ddf9265f3c,ef863d5d9813de58,cpp,0,2014-06-16 20:49:15 UTC
c07023833bb13706,31ae41ddf9265f3c,ef863d5d9813de58,cpp,0,2014-06-16 21:24:44 UTC
c07023833bb13706,31ae41ddf9265f3c,ef863d5d9813de58,cpp,0,2014-06-16 21:31:45 UTC
08eab423d5774531,c8ff662c97d345d2,0251520ace81bc57,c,0,2014-09-07 11:30:02 UTC
08eab423d5774531,c8ff662c97d345d2,0251520ace81bc57,c,1,2014-09-08 18:03:18 UTC
08eab423d5774531,c8ff662c97d345d2,8d9ec6e3f0500705,c,0,2014-09-10 18:25:11 UTC
08eab423d5774531,c8ff662c97d345d2,8d9ec6e3f0500705,c,1,2014-09-10 18:35:05 UTC
08eab423d5774531,c8ff662c97d345d2,feb666a0b4f1d685,c,1,2014-09-11 17:09:32 UTC
08eab423d5774531,c8ff662c97d345d2,43b4c6b6f9de8346,c,0,2014-09-12 05:48:39 UTC
08eab423d5774531,c8ff662c97d345d2,43b4c6b6f9de8346,c,1,2014-09-12 06:44:09 UTC
08eab423d5774531,c8ff662c97d345d2,92cce56cc5c0089a,c,1,2014-09-12 10:05:57 UTC
08eab423d5774531,c8ff662c97d345d2,5e85f62bcbb42ea2,c,1,2014-09-13 06:52:45 UTC
7dd7f1071c167d1f,c8ff662c97d345d2,0251520ace81bc57,go,0,2014-09-16 09:58:22 UTC
7dd7f1071c167d1f,c8ff662c97d345d2,0251520ace81bc57,go,0,2014-09-16 10:01:28 UTC
7dd7f1071c167d1f,c8ff662c97d345d2,0251520ace81bc57,go,0,2014-09-16 10:07:15 UTC
7dd7f1071c167d1f,c8ff662c97d345d2,0251520ace81bc57,go,0,2014-09-16 10:07:51 UTC
08eab423d5774531,c8ff662c97d345d2,8eeb5073ac75facc,c,0,2014-10-07 10:07:29 UTC
08eab423d5774531,c8ff662c97d345d2,8eeb5073ac75facc,c,0,2014-10-07 12:31:26 UTC
08eab423d5774531,c8ff662c97d345d2,8eeb5073ac75facc,c,0,2014-10-07 13:34:06 UTC
08eab423d5774531,c8ff662c97d345d2,8eeb5073ac75facc,c,0,2014-10-08 05:11:34 UTC
08eab423d5774531,c8ff662c97d345d2,8eeb5073ac75facc,c,0,2014-10-09 12:37:57 UTC
37e9044ec1cde46f,c8ff662c97d345d2,feb666a0b4f1d685,cpp,0,2014-11-10 14:48:48 UTC
37e9044ec1cde46f,c8ff662c97d345d2,feb666a0b4f1d685,cpp,0,2014-11-10 14:55:03 UTC
37e9044ec1cde46f,c8ff662c97d345d2,feb666a0b4f1d685,cpp,0,2014-11-10 14:55:28 UTC
37e9044ec1cde46f,c8ff662c97d345d2,feb666a0b4f1d685,cpp,0,2014-11-10 15:00:12 UTC
37e9044ec1cde46f,c8ff662c97d345d2,feb666a0b4f1d685,cpp,0,2014-11-11 04:13:42 UTC
37e9044ec1cde46f,c8ff662c97d345d2,feb666a0b4f1d685,cpp,1,2014-11-11 04:19:03 UTC
37e9044ec1cde46f,c8ff662c97d345d2,feb666a0b4f1d685,cpp,1,2014-11-11 04:19:52 UTC
37e9044ec1cde46f,c8ff662c97d345d2,feb666a0b4f1d685,cpp,0,2014-11-11 04:20:17 UTC
37e9044ec1cde46f,c8ff662c97d345d2,feb666a0b4f1d685,cpp,1,2014-11-11 04:20:44 UTC
37e9044ec1cde46f,c8ff662c97d345d2,92cce56cc5c0089a,cpp,0,2014-11-11 04:43:45 UTC
37e9044ec1cde46f,c8ff662c97d345d2,92cce56cc5c0089a,cpp,0,2014-11-11 04:48:45 UTC
37e9044ec1cde46f,c8ff662c97d345d2,92cce56cc5c0089a,cpp,0,2014-11-11 04:56:08 UTC
37e9044ec1cde46f,c8ff662c97d345d2,92cce56cc5c0089a,cpp,0,2014-11-11 04:57:20 UTC
37e9044ec1cde46f,c8ff662c97d345d2,92cce56cc5c0089a,cpp,0,2014-11-11 04:58:05 UTC
37e9044ec1cde46f,c8ff662c97d345d2,92cce56cc5c0089a,cpp,0,2014-11-11 04:58:52 UTC
37e9044ec1cde46f,c8ff662c97d345d2,92cce56cc5c0089a,cpp,1,2014-11-11 05:02:05 UTC
37e9044ec1cde46f,c8ff662c97d345d2,a8fa4ef7a8bc43dc,cpp,1,2014-11-12 00:31:23 UTC
37e9044ec1cde46f,c8ff662c97d345d2,8d9ec6e3f0500705,cpp,0,2014-11-12 05:15:35 UTC
37e9044ec1cde46f,c8ff662c97d345d2,8d9ec6e3f0500705,cpp,0,2014-11-12 05:23:17 UTC
37e9044ec1cde46f,c8ff662c97d345d2,8d9ec6e3f0500705,cpp,0,2014-11-12 06:18:00 UTC
37e9044ec1cde46f,c8ff662c97d345d2,8d9ec6e3f0500705,cpp,1,2014-11-12 14:29:41 UTC
37e9044ec1cde46f,c8ff662c97d345d2,43b4c6b6f9de8346,cpp,0,2014-11-12 14:49:58 UTC
37e9044ec1cde46f,c8ff662c97d345d2,43b4c6b6f9de8346,cpp,0,2014-11-12 14:53:05 UTC
37e9044ec1cde46f,c8ff662c97d345d2,43b4c6b6f9de8346,cpp,0,2014-11-12 14:55:56 UTC
08eab423d5774531,9bb6c210998a1480,174b249115cbe21b,c,0,2015-02-20 20:30:34 UTC
08eab423d5774531,9bb6c210998a1480,174b249115cbe21b,c,0,2015-02-20 21:37:33 UTC
c15b68d96a479e6a,c8ff662c97d345d2,40d9b17d7127bc27,haskell,1,2015-03-03 21:20:40 UTC
c15b68d96a479e6a,c8ff662c97d345d2,8d1046770261e25f,python,0,2015-03-03 21:24:49 UTC
c15b68d96a479e6a,c8ff662c97d345d2,8d1046770261e25f,python,0,2015-03-03 21:28:17 UTC
c15b68d96a479e6a,c8ff662c97d345d2,f563fe8489cc7b6b,python,0,2015-03-03 21:56:53 UTC
c15b68d96a479e6a,c8ff662c97d345d2,f563fe8489cc7b6b,python,0,2015-03-03 22:04:58 UTC
c15b68d96a479e6a,c8ff662c97d345d2,40d9b17d7127bc27,haskell,1,2015-03-03 22:50:51 UTC
c15b68d96a479e6a,c8ff662c97d345d2,e05e63bcccbafedb,python,1,2015-03-03 22:57:37 UTC
c15b68d96a479e6a,c8ff662c97d345d2,42967ad1381a408b,bash,1,2015-03-11 00:21:23 UTC
c15b68d96a479e6a,c8ff662c97d345d2,50253c16f58cb013,bash,1,2015-03-11 00:32:12 UTC
c15b68d96a479e6a,c8ff662c97d345d2,e1ca1935242d2941,bash,1,2015-03-11 00:34:10 UTC
c15b68d96a479e6a,c8ff662c97d345d2,e1ca1935242d2941,bash,1,2015-03-11 00:34:58 UTC
c15b68d96a479e6a,c8ff662c97d345d2,d8cb09b1f7696f01,bash,1,2015-03-11 00:36:45 UTC
c15b68d96a479e6a,c8ff662c97d345d2,00014449a0541424,bash,0,2015-03-11 00:57:07 UTC
c15b68d96a479e6a,c8ff662c97d345d2,00014449a0541424,bash,0,2015-03-11 01:05:48 UTC
c15b68d96a479e6a,c8ff662c97d345d2,00014449a0541424,bash,0,2015-03-11 01:15:20 UTC
c15b68d96a479e6a,c8ff662c97d345d2,8d1046770261e25f,python,0,2015-03-11 01:20:07 UTC
cbeb36c24dcbc5c1,c8ff662c97d345d2,b83dc89a78927029,java,1,2015-05-15 06:29:14 UTC
cfd28494d8a2b887,c8ff662c97d345d2,b83dc89a78927029,java,1,2015-06-11 13:31:26 UTC
c3c1e5535e9bd384,c8ff662c97d345d2,42967ad1381a408b,bash,1,2015-06-27 23:19:57 UTC
c3c1e5535e9bd384,c8ff662c97d345d2,0ea21bb9feaf46c8,javascript,0,2015-06-28 00:19:13 UTC
c3c1e5535e9bd384,c8ff662c97d345d2,0ea21bb9feaf46c8,javascript,1,2015-06-28 00:23:06 UTC
c3c1e5535e9bd384,c8ff662c97d345d2,55f8a66f057a7e76,javascript,0,2015-06-28 00:35:33 UTC
cbeb36c24dcbc5c1,c8ff662c97d345d2,857761be90b935e1,java8,0,2015-07-02 18:26:40 UTC
5b9ad65b3de4161c,c8ff662c97d345d2,8b70cbd7f8b9a2af,cpp,1,2015-07-23 16:34:12 UTC
5b9ad65b3de4161c,c8ff662c97d345d2,ebc21a6684955a22,cpp,0,2015-07-23 16:36:48 UTC
5b9ad65b3de4161c,c8ff662c97d345d2,ebc21a6684955a22,cpp,1,2015-07-23 16:38:13 UTC
5b9ad65b3de4161c,c8ff662c97d345d2,a177f57b92fd38d6,cpp,1,2015-07-25 04:20:20 UTC
5b9ad65b3de4161c,c8ff662c97d345d2,7847d8ac0b934e51,c,1,2015-08-01 09:29:40 UTC
5b9ad65b3de4161c,c8ff662c97d345d2,e05e63bcccbafedb,c,1,2015-08-01 09:33:57 UTC
5b9ad65b3de4161c,c8ff662c97d345d2,0ea21bb9feaf46c8,c,1,2015-08-01 09:36:25 UTC
5b9ad65b3de4161c,c8ff662c97d345d2,55f8a66f057a7e76,c,0,2015-08-01 10:20:13 UTC
5b9ad65b3de4161c,c8ff662c97d345d2,7847d8ac0b934e51,c,1,2015-08-01 15:11:02 UTC
5b9ad65b3de4161c,c8ff662c97d345d2,d53c7492541ddf04,c,0,2015-08-01 15:42:52 UTC
5b9ad65b3de4161c,c8ff662c97d345d2,d53c7492541ddf04,c,0,2015-08-01 15:43:43 UTC
5b9ad65b3de4161c,c8ff662c97d345d2,d53c7492541ddf04,c,0,2015-08-01 17:12:44 UTC
5b9ad65b3de4161c,c8ff662c97d345d2,d53c7492541ddf04,c,0,2015-08-01 17:18:26 UTC
5b9ad65b3de4161c,c8ff662c97d345d2,c9713aed1d68c5b5,c,1,2015-08-01 17:38:59 UTC
5b9ad65b3de4161c,c8ff662c97d345d2,34386eca594b7bc2,c,1,2015-08-01 17:40:51 UTC
5b9ad65b3de4161c,c8ff662c97d345d2,b49bb8ec9c2b8481,c,0,2015-08-01 17:46:10 UTC
5b9ad65b3de4161c,c8ff662c97d345d2,55f8a66f057a7e76,c,1,2015-08-01 17:59:27 UTC
5b9ad65b3de4161c,c8ff662c97d345d2,10fbfe48f770e0e9,c,0,2015-08-01 18:10:12 UTC
5b9ad65b3de4161c,c8ff662c97d345d2,10fbfe48f770e0e9,c,0,2015-08-01 18:12:18 UTC
5b9ad65b3de4161c,c8ff662c97d345d2,10fbfe48f770e0e9,c,0,2015-08-01 18:15:51 UTC
5b9ad65b3de4161c,c8ff662c97d345d2,10fbfe48f770e0e9,c,0,2015-08-01 18:20:28 UTC
5b9ad65b3de4161c,c8ff662c97d345d2,10fbfe48f770e0e9,c,0,2015-08-01 18:26:06 UTC
5b9ad65b3de4161c,c8ff662c97d345d2,7847d8ac0b934e51,c,1,2015-08-03 15:26:39 UTC
5b9ad65b3de4161c,c8ff662c97d345d2,236dec13a662098a,c,1,2015-08-03 15:30:37 UTC
5b9ad65b3de4161c,c8ff662c97d345d2,236dec13a662098a,c,1,2015-08-03 15:45:39 UTC
5b9ad65b3de4161c,c8ff662c97d345d2,11408b97e53ec7ed,c,0,2015-08-05 05:24:44 UTC
5b9ad65b3de4161c,c8ff662c97d345d2,11408b97e53ec7ed,c,0,2015-08-05 05:25:33 UTC
5b9ad65b3de4161c,c8ff662c97d345d2,11408b97e53ec7ed,c,0,2015-08-05 05:26:02 UTC
5b9ad65b3de4161c,c8ff662c97d345d2,26c95b75d8237f39,c,1,2015-08-08 11:53:30 UTC
5b9ad65b3de4161c,c8ff662c97d345d2,feb666a0b4f1d685,c,1,2015-08-08 12:07:04 UTC
5b9ad65b3de4161c,c8ff662c97d345d2,76fba8ff25f765b6,c,1,2015-08-08 12:15:15 UTC
5b9ad65b3de4161c,c8ff662c97d345d2,6d95afeb4d968b91,c,0,2015-09-08 14:38:44 UTC
f2dde50acc446f3f,c8ff662c97d345d2,a86b5239a69fab6b,python,1,2015-09-08 23:50:26 UTC
f2dde50acc446f3f,c8ff662c97d345d2,c0ee18ecc06ca4d7,python,1,2015-09-09 02:07:25 UTC
f2dde50acc446f3f,c8ff662c97d345d2,6289494731c566da,python,1,2015-09-09 02:09:21 UTC
f2dde50acc446f3f,c8ff662c97d345d2,59e33283b96c6407,python,1,2015-09-09 02:17:20 UTC
f2dde50acc446f3f,c8ff662c97d345d2,feaaa68f9218a16a,python,1,2015-09-09 23:00:02 UTC
f2dde50acc446f3f,c8ff662c97d345d2,72ccb69fd2fd9480,python,0,2015-09-09 23:02:50 UTC
f2dde50acc446f3f,c8ff662c97d345d2,72ccb69fd2fd9480,python,1,2015-09-09 23:04:06 UTC
f2dde50acc446f3f,c8ff662c97d345d2,e6f5e45bb2f4f804,python,1,2015-09-09 23:06:21 UTC
f2dde50acc446f3f,c8ff662c97d345d2,ff883052c3a1d18b,python,1,2015-09-09 23:12:46 UTC
f2dde50acc446f3f,c8ff662c97d345d2,8d1046770261e25f,python,1,2015-09-09 23:23:47 UTC
f2dde50acc446f3f,c8ff662c97d345d2,41612cd86f55af69,python,0,2015-09-09 23:32:58 UTC
f2dde50acc446f3f,c8ff662c97d345d2,41612cd86f55af69,python,1,2015-09-10 00:01:05 UTC
f2dde50acc446f3f,c8ff662c97d345d2,67a1b1d6367e38ea,python,1,2015-09-10 00:24:25 UTC
5b9ad65b3de4161c,c8ff662c97d345d2,659f2ceb67eca1ef,c,0,2015-09-10 06:27:31 UTC
f2dde50acc446f3f,c8ff662c97d345d2,7e92328b80237fd3,python,1,2015-09-10 06:42:45 UTC
f2dde50acc446f3f,c8ff662c97d345d2,c58817eb0d6b5919,python,1,2015-09-10 07:20:27 UTC
5b9ad65b3de4161c,c8ff662c97d345d2,659f2ceb67eca1ef,c,0,2015-09-10 15:07:25 UTC
5b9ad65b3de4161c,c8ff662c97d345d2,659f2ceb67eca1ef,c,0,2015-09-10 15:11:28 UTC
5b9ad65b3de4161c,c8ff662c97d345d2,2963acac637dbbd5,c,0,2015-09-10 15:23:54 UTC
5b9ad65b3de4161c,c8ff662c97d345d2,2963acac637dbbd5,c,1,2015-09-10 15:43:04 UTC
f2dde50acc446f3f,c8ff662c97d345d2,4b89a103552ec726,python,1,2015-09-11 00:30:06 UTC
f2dde50acc446f3f,c8ff662c97d345d2,8b770b5ac05dd2fc,python,1,2015-09-11 01:03:46 UTC
f2dde50acc446f3f,c8ff662c97d345d2,5078a455b31e63dd,python,1,2015-09-11 01:22:51 UTC
f2dde50acc446f3f,c8ff662c97d345d2,5078a455b31e63dd,python,1,2015-09-11 01:23:39 UTC
f2dde50acc446f3f,c8ff662c97d345d2,1d27531abae531c3,python,1,2015-09-11 01:30:53 UTC
f2dde50acc446f3f,c8ff662c97d345d2,a1b75be71ebab2e8,python,0,2015-09-11 04:12:31 UTC
f2dde50acc446f3f,c8ff662c97d345d2,a1b75be71ebab2e8,python,1,2015-09-11 04:21:52 UTC
f2dde50acc446f3f,c8ff662c97d345d2,4555b35815f98db1,python,1,2015-09-11 04:30:46 UTC
f2dde50acc446f3f,c8ff662c97d345d2,c5ec62a6613e386c,python,1,2015-09-11 04:32:56 UTC
f2dde50acc446f3f,c8ff662c97d345d2,61b61212e9855b05,python,1,2015-09-11 04:41:16 UTC
f2dde50acc446f3f,c8ff662c97d345d2,4f3620cea7a50eec,python,0,2015-09-11 04:49:08 UTC
f2dde50acc446f3f,c8ff662c97d345d2,4f3620cea7a50eec,python,0,2015-09-11 04:50:45 UTC
f2dde50acc446f3f,c8ff662c97d345d2,4f3620cea7a50eec,python,0,2015-09-11 04:52:40 UTC
f2dde50acc446f3f,c8ff662c97d345d2,4f3620cea7a50eec,python,0,2015-09-11 04:54:10 UTC
f2dde50acc446f3f,c8ff662c97d345d2,4f3620cea7a50eec,python,0,2015-09-11 04:59:55 UTC
f2dde50acc446f3f,c8ff662c97d345d2,4f3620cea7a50eec,python,0,2015-09-11 05:04:49 UTC
f2dde50acc446f3f,c8ff662c97d345d2,4f3620cea7a50eec,python,0,2015-09-11 05:16:55 UTC
f2dde50acc446f3f,c8ff662c97d345d2,4f3620cea7a50eec,python,1,2015-09-11 05:20:18 UTC
f2dde50acc446f3f,c8ff662c97d345d2,55227bd84fac5b6b,python,0,2015-09-11 14:04:00 UTC
f2dde50acc446f3f,c8ff662c97d345d2,55227bd84fac5b6b,python,1,2015-09-11 14:19:32 UTC
5b9ad65b3de4161c,c8ff662c97d345d2,286001f675d5dc00,c,0,2015-09-11 15:12:52 UTC
f2dde50acc446f3f,c8ff662c97d345d2,eca786ea1a5e2556,python,0,2015-09-11 17:01:46 UTC
f2dde50acc446f3f,c8ff662c97d345d2,eca786ea1a5e2556,python,0,2015-09-11 17:04:33 UTC
f2dde50acc446f3f,c8ff662c97d345d2,eca786ea1a5e2556,python,0,2015-09-11 17:12:09 UTC
f2dde50acc446f3f,c8ff662c97d345d2,eca786ea1a5e2556,python,0,2015-09-11 18:50:41 UTC
f2dde50acc446f3f,c8ff662c97d345d2,eca786ea1a5e2556,python,0,2015-09-11 18:54:21 UTC
f2dde50acc446f3f,c8ff662c97d345d2,eca786ea1a5e2556,python,0,2015-09-11 19:00:43 UTC
f2dde50acc446f3f,c8ff662c97d345d2,eca786ea1a5e2556,python,0,2015-09-11 19:04:20 UTC
f2dde50acc446f3f,c8ff662c97d345d2,eca786ea1a5e2556,python,1,2015-09-11 19:19:40 UTC
f2dde50acc446f3f,c8ff662c97d345d2,5ab3318dace74797,python,1,2015-09-11 20:27:12 UTC
f2dde50acc446f3f,c8ff662c97d345d2,aab8b2196708baf0,python,1,2015-09-11 20:44:04 UTC
f2dde50acc446f3f,c8ff662c97d345d2,675f4fb2c8518346,python,1,2015-09-11 20:52:36 UTC
f2dde50acc446f3f,c8ff662c97d345d2,7d91ba6484e403d5,python,0,2015-09-11 21:17:52 UTC
f2dde50acc446f3f,c8ff662c97d345d2,7d91ba6484e403d5,python,0,2015-09-11 21:18:32 UTC
f2dde50acc446f3f,c8ff662c97d345d2,7d91ba6484e403d5,python,1,2015-09-11 21:23:53 UTC
f2dde50acc446f3f,c8ff662c97d345d2,a9fe00d3fd8e2470,python,0,2015-09-11 21:40:01 UTC
f2dde50acc446f3f,c8ff662c97d345d2,a9fe00d3fd8e2470,python,0,2015-09-11 22:24:06 UTC
f2dde50acc446f3f,c8ff662c97d345d2,1607029d9d9f9633,python,0,2015-09-12 14:43:29 UTC
f2dde50acc446f3f,c8ff662c97d345d2,1607029d9d9f9633,python,0,2015-09-12 16:05:52 UTC
f2dde50acc446f3f,c8ff662c97d345d2,1607029d9d9f9633,python,1,2015-09-12 16:10:23 UTC
f2dde50acc446f3f,c8ff662c97d345d2,cce106e6d974107c,python,0,2015-09-14 14:57:49 UTC
f2dde50acc446f3f,c8ff662c97d345d2,cce106e6d974107c,python,0,2015-09-14 16:54:58 UTC
f2dde50acc446f3f,c8ff662c97d345d2,a5ce71ae1df08134,python,0,2015-09-15 03:55:46 UTC
f2dde50acc446f3f,c8ff662c97d345d2,b04d45f4bf770612,python,0,2015-09-15 04:09:42 UTC
f2dde50acc446f3f,c8ff662c97d345d2,b04d45f4bf770612,python,0,2015-09-15 04:25:35 UTC
f2dde50acc446f3f,c8ff662c97d345d2,b04d45f4bf770612,python,0,2015-09-15 04:45:09 UTC
f2dde50acc446f3f,c8ff662c97d345d2,b04d45f4bf770612,python,0,2015-09-15 12:48:09 UTC
f2dde50acc446f3f,c8ff662c97d345d2,b04d45f4bf770612,python,1,2015-09-15 12:51:46 UTC
f2dde50acc446f3f,c8ff662c97d345d2,032b87fb400e90be,python,0,2015-09-16 01:12:35 UTC
f2dde50acc446f3f,c8ff662c97d345d2,032b87fb400e90be,python,0,2015-09-16 01:48:42 UTC
f2dde50acc446f3f,c8ff662c97d345d2,032b87fb400e90be,python,0,2015-09-16 01:49:32 UTC
f2dde50acc446f3f,c8ff662c97d345d2,09be89cfcce68dc7,python,0,2015-09-16 03:58:53 UTC
f2dde50acc446f3f,c8ff662c97d345d2,09be89cfcce68dc7,python,0,2015-09-16 05:47:40 UTC
f2dde50acc446f3f,c8ff662c97d345d2,09be89cfcce68dc7,python,0,2015-09-16 06:08:45 UTC
f2dde50acc446f3f,c8ff662c97d345d2,09be89cfcce68dc7,python,0,2015-09-16 06:56:00 UTC
5b9ad65b3de4161c,2f6c6a2dd757af3e,9580a525da7618e9,c,1,2015-09-16 07:33:40 UTC
f2dde50acc446f3f,c8ff662c97d345d2,09be89cfcce68dc7,python,1,2015-09-16 08:10:09 UTC
f2dde50acc446f3f,c8ff662c97d345d2,208b37d3a140beb4,python,1,2015-09-16 09:34:21 UTC
f2dde50acc446f3f,c8ff662c97d345d2,d7362cf76bc0ef35,python,1,2015-09-16 09:37:10 UTC
f2dde50acc446f3f,c8ff662c97d345d2,03b7aac7634066ac,python,1,2015-09-16 10:04:45 UTC
f2dde50acc446f3f,c8ff662c97d345d2,24e0028f3d9e933b,python,1,2015-09-16 10:09:02 UTC
f2dde50acc446f3f,c8ff662c97d345d2,4ce606a88efa7d06,python,1,2015-09-16 10:10:21 UTC
f2dde50acc446f3f,c8ff662c97d345d2,6fae6c8e34d98bd0,python,1,2015-09-16 10:12:03 UTC
f2dde50acc446f3f,c8ff662c97d345d2,5c59378e95e1e58c,python,1,2015-09-16 12:41:05 UTC
f2dde50acc446f3f,c8ff662c97d345d2,de3c741db46e45c0,python,1,2015-09-17 00:20:13 UTC
f2dde50acc446f3f,c8ff662c97d345d2,a10b024ec399e99d,python,0,2015-09-17 00:27:53 UTC
f2dde50acc446f3f,c8ff662c97d345d2,a10b024ec399e99d,python,1,2015-09-17 00:50:40 UTC
f2dde50acc446f3f,c8ff662c97d345d2,e9839e06dbca8a21,python,1,2015-09-17 01:04:45 UTC
f2dde50acc446f3f,c8ff662c97d345d2,491cef4dab9464c4,python,0,2015-09-17 01:33:09 UTC
f2dde50acc446f3f,c8ff662c97d345d2,3bbb926ddf05c27a,python,1,2015-09-17 07:36:29 UTC
f2dde50acc446f3f,c8ff662c97d345d2,15ae582046ef49f4,python,0,2015-09-17 07:53:20 UTC
5b9ad65b3de4161c,c8ff662c97d345d2,4e07173c3bba48d2,c,0,2015-09-18 08:12:58 UTC
5b9ad65b3de4161c,c8ff662c97d345d2,4e07173c3bba48d2,c,0,2015-09-18 08:14:48 UTC
5b9ad65b3de4161c,c8ff662c97d345d2,4e07173c3bba48d2,c,0,2015-09-18 08:19:19 UTC
5b9ad65b3de4161c,c8ff662c97d345d2,4e07173c3bba48d2,c,0,2015-09-18 08:25:26 UTC
5b9ad65b3de4161c,c8ff662c97d345d2,4e07173c3bba48d2,c,1,2015-09-18 08:26:40 UTC
5b9ad65b3de4161c,c8ff662c97d345d2,9580a525da7618e9,c,1,2015-09-19 05:22:36 UTC
5b9ad65b3de4161c,c8ff662c97d345d2,d53c7492541ddf04,c,1,2015-09-19 05:25:47 UTC
5b9ad65b3de4161c,c8ff662c97d345d2,5e85f62bcbb42ea2,c,0,2015-09-19 08:54:17 UTC
5b9ad65b3de4161c,c8ff662c97d345d2,5e85f62bcbb42ea2,c,1,2015-09-19 08:57:43 UTC
5b9ad65b3de4161c,c8ff662c97d345d2,ad1cc7894c991bbd,cpp,1,2015-09-19 17:24:42 UTC
5b9ad65b3de4161c,c8ff662c97d345d2,ad1cc7894c991bbd,c,1,2015-09-19 17:28:30 UTC
5b9ad65b3de4161c,c8ff662c97d345d2,27c65bab4f7ae58b,c,0,2015-09-19 17:48:21 UTC
5b9ad65b3de4161c,c8ff662c97d345d2,425f241df843cd89,c,1,2015-09-21 16:33:42 UTC
5b9ad65b3de4161c,c8ff662c97d345d2,098f6c9a83e4d045,c,0,2015-10-01 03:46:08 UTC
5b9ad65b3de4161c,c8ff662c97d345d2,098f6c9a83e4d045,c,0,2015-10-01 03:46:59 UTC
5b9ad65b3de4161c,c8ff662c97d345d2,098f6c9a83e4d045,c,1,2015-10-01 03:47:28 UTC
5b9ad65b3de4161c,c8ff662c97d345d2,6d95afeb4d968b91,c,0,2015-10-01 14:27:12 UTC
5b9ad65b3de4161c,c8ff662c97d345d2,d6077bea22c37892,cpp,1,2015-10-05 06:14:35 UTC
5b9ad65b3de4161c,c8ff662c97d345d2,c0af13494532539f,c,0,2015-10-05 07:06:18 UTC
5b9ad65b3de4161c,c8ff662c97d345d2,c0af13494532539f,c,0,2015-10-05 07:36:13 UTC
5b9ad65b3de4161c,c8ff662c97d345d2,c0af13494532539f,c,0,2015-10-05 07:36:55 UTC
5b9ad65b3de4161c,c8ff662c97d345d2,c0af13494532539f,java,1,2015-10-05 07:38:24 UTC
5b9ad65b3de4161c,c8ff662c97d345d2,c4907c481f3d237f,c,0,2015-10-10 09:20:55 UTC
5b9ad65b3de4161c,c8ff662c97d345d2,23e484585a3b5d71,c,0,2015-10-11 04:20:03 UTC
5b9ad65b3de4161c,c8ff662c97d345d2,b49bb8ec9c2b8481,c,1,2015-10-11 15:24:50 UTC
5b9ad65b3de4161c,c8ff662c97d345d2,23e484585a3b5d71,c,0,2015-10-11 15:47:22 UTC
5b9ad65b3de4161c,c8ff662c97d345d2,23e484585a3b5d71,c,0,2015-10-11 15:48:23 UTC
5b9ad65b3de4161c,c8ff662c97d345d2,23e484585a3b5d71,c,0,2015-10-11 15:52:20 UTC
5b9ad65b3de4161c,c8ff662c97d345d2,23e484585a3b5d71,c,0,2015-10-11 15:53:37 UTC
5b9ad65b3de4161c,c8ff662c97d345d2,23e484585a3b5d71,c,0,2015-10-11 16:45:49 UTC
5b9ad65b3de4161c,c8ff662c97d345d2,23e484585a3b5d71,c,0,2015-10-11 16:47:17 UTC
5b9ad65b3de4161c,c8ff662c97d345d2,23e484585a3b5d71,cpp,1,2015-10-11 16:49:40 UTC
5b9ad65b3de4161c,c8ff662c97d345d2,23e484585a3b5d71,c,0,2015-10-11 16:56:51 UTC
5b9ad65b3de4161c,c8ff662c97d345d2,23e484585a3b5d71,c,1,2015-10-11 16:57:27 UTC
5b9ad65b3de4161c,c8ff662c97d345d2,a8fa4ef7a8bc43dc,c,0,2015-10-11 17:14:13 UTC
5b9ad65b3de4161c,c8ff662c97d345d2,a8fa4ef7a8bc43dc,c,1,2015-10-11 17:14:56 UTC
5b9ad65b3de4161c,c8ff662c97d345d2,0251520ace81bc57,cpp,1,2015-10-11 17:18:28 UTC
5b9ad65b3de4161c,c8ff662c97d345d2,d53c7492541ddf04,c,0,2015-10-13 18:03:02 UTC
5b9ad65b3de4161c,c8ff662c97d345d2,d53c7492541ddf04,c,0,2015-10-13 18:04:16 UTC
5b9ad65b3de4161c,c8ff662c97d345d2,d53c7492541ddf04,c,1,2015-10-13 18:10:26 UTC
5b9ad65b3de4161c,c8ff662c97d345d2,23e484585a3b5d71,c,0,2015-10-14 14:35:11 UTC
5b9ad65b3de4161c,c8ff662c97d345d2,23e484585a3b5d71,c,0,2015-10-14 14:37:30 UTC
5b9ad65b3de4161c,c8ff662c97d345d2,23e484585a3b5d71,c,0,2015-10-14 14:40:24 UTC
5b9ad65b3de4161c,c8ff662c97d345d2,23e484585a3b5d71,c,1,2015-10-14 14:44:09 UTC
5b9ad65b3de4161c,c8ff662c97d345d2,08245c18359694b1,c,0,2015-10-14 14:49:33 UTC
5b9ad65b3de4161c,c8ff662c97d345d2,8d8f0c01bf0cac1f,c,0,2015-10-14 15:04:17 UTC
5b9ad65b3de4161c,c8ff662c97d345d2,8d8f0c01bf0cac1f,c,0,2015-10-14 16:48:33 UTC
5b9ad65b3de4161c,c8ff662c97d345d2,8d8f0c01bf0cac1f,c,0,2015-10-14 17:02:07 UTC
5b9ad65b3de4161c,c8ff662c97d345d2,8d8f0c01bf0cac1f,cpp,1,2015-10-14 17:32:33 UTC
5b9ad65b3de4161c,c8ff662c97d345d2,8d8f0c01bf0cac1f,c,1,2015-10-14 17:34:06 UTC
5b9ad65b3de4161c,c8ff662c97d345d2,08245c18359694b1,c,0,2015-10-14 17:55:10 UTC
5b9ad65b3de4161c,c8ff662c97d345d2,08245c18359694b1,c,0,2015-10-14 18:17:44 UTC
5b9ad65b3de4161c,c8ff662c97d345d2,08245c18359694b1,c,1,2015-10-14 18:22:30 UTC
5b9ad65b3de4161c,c8ff662c97d345d2,10fbfe48f770e0e9,java,1,2015-10-25 05:42:16 UTC
5b9ad65b3de4161c,c8ff662c97d345d2,10fbfe48f770e0e9,java,1,2015-10-25 05:50:04 UTC
5b9ad65b3de4161c,c8ff662c97d345d2,b49bb8ec9c2b8481,java,1,2015-10-25 06:33:12 UTC
5b9ad65b3de4161c,c8ff662c97d345d2,23e484585a3b5d71,c,0,2015-10-27 16:20:20 UTC
5b9ad65b3de4161c,c8ff662c97d345d2,23e484585a3b5d71,c,0,2015-10-27 16:21:04 UTC
5b9ad65b3de4161c,c8ff662c97d345d2,2963acac637dbbd5,c,1,2015-10-27 16:26:54 UTC
5b9ad65b3de4161c,c8ff662c97d345d2,08245c18359694b1,c,0,2015-10-27 16:31:08 UTC
8db21e757a4a18a1,3fc85e71488a24c9,88b0a0d0b63c792c,cpp,0,2015-11-05 13:07:20 UTC
8db21e757a4a18a1,3fc85e71488a24c9,88b0a0d0b63c792c,cpp,0,2015-11-05 13:36:08 UTC
8db21e757a4a18a1,3fc85e71488a24c9,88b0a0d0b63c792c,cpp,0,2015-11-05 13:38:28 UTC
8db21e757a4a18a1,3fc85e71488a24c9,88b0a0d0b63c792c,cpp,0,2015-11-05 13:46:36 UTC
8db21e757a4a18a1,3fc85e71488a24c9,88b0a0d0b63c792c,cpp,0,2015-11-05 13:47:44 UTC
8db21e757a4a18a1,3fc85e71488a24c9,88b0a0d0b63c792c,cpp,1,2015-11-05 13:49:51 UTC
8db21e757a4a18a1,3fc85e71488a24c9,88b0a0d0b63c792c,cpp,0,2015-11-05 13:54:00 UTC
8db21e757a4a18a1,3fc85e71488a24c9,88b0a0d0b63c792c,cpp,0,2015-11-05 13:58:01 UTC
8db21e757a4a18a1,3fc85e71488a24c9,88b0a0d0b63c792c,cpp,1,2015-11-05 14:19:13 UTC
8db21e757a4a18a1,3fc85e71488a24c9,f67b5b9fee90647a,cpp,0,2015-11-05 15:46:07 UTC
8db21e757a4a18a1,3fc85e71488a24c9,f67b5b9fee90647a,cpp,0,2015-11-05 15:50:24 UTC
8db21e757a4a18a1,3fc85e71488a24c9,f67b5b9fee90647a,cpp,0,2015-11-05 15:54:12 UTC
8db21e757a4a18a1,3fc85e71488a24c9,f67b5b9fee90647a,cpp,0,2015-11-05 16:37:09 UTC
8db21e757a4a18a1,3fc85e71488a24c9,f67b5b9fee90647a,cpp,0,2015-11-05 17:03:42 UTC
4a357073b1cb0aef,c8ff662c97d345d2,b49bb8ec9c2b8481,php,0,2015-11-18 13:16:52 UTC
4a357073b1cb0aef,c8ff662c97d345d2,b49bb8ec9c2b8481,php,0,2015-11-18 13:18:37 UTC
4a357073b1cb0aef,c8ff662c97d345d2,b49bb8ec9c2b8481,php,0,2015-11-18 13:19:55 UTC
4a357073b1cb0aef,c8ff662c97d345d2,b49bb8ec9c2b8481,php,0,2015-11-18 13:21:19 UTC
4a357073b1cb0aef,c8ff662c97d345d2,b49bb8ec9c2b8481,php,0,2015-11-18 13:25:28 UTC
5b9ad65b3de4161c,c8ff662c97d345d2,4234a6f798992f02,cpp,1,2015-12-21 15:37:52 UTC
5b9ad65b3de4161c,c8ff662c97d345d2,70f890aca1fe19cb,cpp,1,2016-01-07 07:22:07 UTC
5b9ad65b3de4161c,c8ff662c97d345d2,b14017a1a69a0f77,cpp,1,2016-01-07 07:26:20 UTC
5b9ad65b3de4161c,c8ff662c97d345d2,4bdd5803ef48637a,cpp,1,2016-01-07 08:24:47 UTC
f2dde50acc446f3f,c8ff662c97d345d2,b83dc89a78927029,java,1,2016-01-11 14:09:12 UTC
f2dde50acc446f3f,c8ff662c97d345d2,4ca32b2592ab73ba,java,1,2016-01-11 14:11:56 UTC
f2dde50acc446f3f,c8ff662c97d345d2,133172ee60755587,java,0,2016-01-11 14:22:23 UTC
f2dde50acc446f3f,c8ff662c97d345d2,133172ee60755587,java,1,2016-01-11 14:29:09 UTC
5b9ad65b3de4161c,5d70c374e6959faf,a20a61eb8a15542e,c,1,2016-01-12 14:18:46 UTC
5b9ad65b3de4161c,5d70c374e6959faf,a20a61eb8a15542e,cpp,1,2016-01-12 14:27:29 UTC
5b9ad65b3de4161c,5d70c374e6959faf,5f12b00bb46b5df7,cpp,0,2016-01-12 16:33:02 UTC
5b9ad65b3de4161c,5d70c374e6959faf,5f12b00bb46b5df7,cpp,0,2016-01-12 16:48:17 UTC
5b9ad65b3de4161c,5d70c374e6959faf,5f12b00bb46b5df7,cpp,0,2016-01-12 16:50:29 UTC
5b9ad65b3de4161c,5d70c374e6959faf,5f12b00bb46b5df7,cpp,1,2016-01-12 17:05:26 UTC
5b9ad65b3de4161c,c8ff662c97d345d2,0b0e6ec4e4b377e9,cpp,1,2016-01-15 08:53:48 UTC
5b9ad65b3de4161c,c8ff662c97d345d2,1d7afa1b244e70c9,cpp,1,2016-01-15 08:55:11 UTC
5b9ad65b3de4161c,c8ff662c97d345d2,d72597ae8480885a,cpp,1,2016-01-15 09:17:31 UTC
5b9ad65b3de4161c,c8ff662c97d345d2,9704bec37c49c4cd,cpp,1,2016-01-15 14:21:19 UTC
5b9ad65b3de4161c,c8ff662c97d345d2,0b0e6ec4e4b377e9,cpp,1,2016-01-22 08:10:02 UTC
f2dde50acc446f3f,c8ff662c97d345d2,daaa4f5cca620546,java,1,2016-01-23 14:04:46 UTC
f2dde50acc446f3f,c8ff662c97d345d2,18bfe9bc49fc7059,java,1,2016-01-23 17:52:55 UTC
f2dde50acc446f3f,c8ff662c97d345d2,2756b06ce2146424,java,1,2016-01-23 18:28:43 UTC
f2dde50acc446f3f,c8ff662c97d345d2,857761be90b935e1,java,1,2016-01-23 20:21:10 UTC
f2dde50acc446f3f,c8ff662c97d345d2,158e58a7bdd8de04,java,1,2016-01-23 20:31:07 UTC
f2dde50acc446f3f,c8ff662c97d345d2,8b1fd9d37a2ba75a,java,0,2016-01-23 22:31:40 UTC
f2dde50acc446f3f,c8ff662c97d345d2,8b1fd9d37a2ba75a,java,1,2016-01-23 22:33:02 UTC
f2dde50acc446f3f,c8ff662c97d345d2,40e0ba61376a77cb,java,1,2016-01-24 00:07:16 UTC
f2dde50acc446f3f,c8ff662c97d345d2,7cd6cfa712d23d5d,java,1,2016-01-24 17:47:34 UTC
f2dde50acc446f3f,c8ff662c97d345d2,a1ba4a35c443ef18,java,0,2016-01-24 19:56:28 UTC
f2dde50acc446f3f,c8ff662c97d345d2,a1ba4a35c443ef18,java,1,2016-01-24 20:00:20 UTC
f2dde50acc446f3f,c8ff662c97d345d2,dc3337a90a231280,java,0,2016-01-24 20:43:25 UTC
f2dde50acc446f3f,c8ff662c97d345d2,dc3337a90a231280,java,1,2016-01-24 20:52:16 UTC
f2dde50acc446f3f,c8ff662c97d345d2,85fcb2597bee89ae,java,0,2016-01-26 18:11:27 UTC
f2dde50acc446f3f,c8ff662c97d345d2,85fcb2597bee89ae,java,1,2016-01-26 18:14:05 UTC
5b9ad65b3de4161c,5d70c374e6959faf,b921e7bf238bd51d,cpp,1,2016-02-01 18:02:57 UTC
5b9ad65b3de4161c,5d70c374e6959faf,8cb0820eb317bac5,cpp,0,2016-02-01 18:11:51 UTC
5b9ad65b3de4161c,5d70c374e6959faf,8cb0820eb317bac5,cpp,1,2016-02-01 18:21:30 UTC
5b9ad65b3de4161c,5d70c374e6959faf,06f903c836d4c7fb,cpp,0,2016-02-02 16:51:46 UTC
5b9ad65b3de4161c,5d70c374e6959faf,06f903c836d4c7fb,cpp,0,2016-02-02 16:55:08 UTC
5b9ad65b3de4161c,5d70c374e6959faf,06f903c836d4c7fb,cpp,0,2016-02-02 16:56:53 UTC
5b9ad65b3de4161c,5d70c374e6959faf,06f903c836d4c7fb,cpp,0,2016-02-02 16:58:35 UTC
5b9ad65b3de4161c,5d70c374e6959faf,06f903c836d4c7fb,cpp,0,2016-02-02 17:10:19 UTC
5b9ad65b3de4161c,5d70c374e6959faf,06f903c836d4c7fb,cpp,0,2016-02-02 17:11:11 UTC
5b9ad65b3de4161c,5d70c374e6959faf,06f903c836d4c7fb,cpp,0,2016-02-02 17:12:18 UTC
5b9ad65b3de4161c,5d70c374e6959faf,06f903c836d4c7fb,cpp,0,2016-02-02 17:21:26 UTC
5b9ad65b3de4161c,5d70c374e6959faf,06f903c836d4c7fb,cpp,0,2016-02-02 17:24:30 UTC
5b9ad65b3de4161c,5d70c374e6959faf,06f903c836d4c7fb,cpp,1,2016-02-02 17:28:30 UTC
5b9ad65b3de4161c,5d70c374e6959faf,06f903c836d4c7fb,cpp,0,2016-02-02 17:40:12 UTC
5b9ad65b3de4161c,5d70c374e6959faf,06f903c836d4c7fb,cpp,0,2016-02-02 17:41:41 UTC
5b9ad65b3de4161c,5d70c374e6959faf,a3be4bdcc06b3832,cpp,0,2016-02-02 17:56:29 UTC
5b9ad65b3de4161c,5d70c374e6959faf,b56015dc2ad267f2,cpp,0,2016-02-05 15:59:19 UTC
5b9ad65b3de4161c,5d70c374e6959faf,b56015dc2ad267f2,cpp,1,2016-02-05 16:00:07 UTC
5b9ad65b3de4161c,5d70c374e6959faf,70892c849d5a1cd0,cpp,0,2016-02-06 03:59:49 UTC
5b9ad65b3de4161c,5d70c374e6959faf,70892c849d5a1cd0,cpp,0,2016-02-06 04:00:40 UTC
5b9ad65b3de4161c,5d70c374e6959faf,70892c849d5a1cd0,cpp,0,2016-02-06 04:11:38 UTC
5b9ad65b3de4161c,5d70c374e6959faf,70892c849d5a1cd0,cpp,1,2016-02-06 04:13:37 UTC
5b9ad65b3de4161c,625fe79101e4ec40,708f76eec95921ed,cpp,1,2016-02-11 09:04:48 UTC
5b9ad65b3de4161c,625fe79101e4ec40,8d41b1931e701264,cpp,0,2016-02-11 09:19:35 UTC
5b9ad65b3de4161c,625fe79101e4ec40,8d41b1931e701264,cpp,0,2016-02-11 09:21:55 UTC
5b9ad65b3de4161c,625fe79101e4ec40,8d41b1931e701264,cpp,1,2016-02-11 09:24:56 UTC
cbeb36c24dcbc5c1,c8ff662c97d345d2,34386eca594b7bc2,java,1,2016-02-11 18:59:25 UTC
cbeb36c24dcbc5c1,c8ff662c97d345d2,7e860acda8697471,java,1,2016-02-11 19:09:17 UTC
cbeb36c24dcbc5c1,c8ff662c97d345d2,55f8a66f057a7e76,java,1,2016-02-11 19:12:10 UTC
cbeb36c24dcbc5c1,c8ff662c97d345d2,b49bb8ec9c2b8481,java,1,2016-02-11 19:54:19 UTC
cbeb36c24dcbc5c1,c8ff662c97d345d2,2756b06ce2146424,java,1,2016-02-14 18:44:18 UTC
cbeb36c24dcbc5c1,c8ff662c97d345d2,425f241df843cd89,java,1,2016-02-21 21:11:59 UTC
cbeb36c24dcbc5c1,c8ff662c97d345d2,286001f675d5dc00,java,0,2016-02-21 23:35:03 UTC
cbeb36c24dcbc5c1,c8ff662c97d345d2,286001f675d5dc00,java,1,2016-02-21 23:45:08 UTC
6db775b496511a99,c8ff662c97d345d2,7e860acda8697471,c,0,2016-02-23 06:08:10 UTC
6db775b496511a99,c8ff662c97d345d2,7e860acda8697471,c,0,2016-02-23 06:10:29 UTC
5b9ad65b3de4161c,625fe79101e4ec40,1b783a9435b12ee3,cpp,0,2016-02-23 09:27:13 UTC
cbeb36c24dcbc5c1,c8ff662c97d345d2,a8fa4ef7a8bc43dc,java8,0,2016-02-23 09:52:24 UTC
cbeb36c24dcbc5c1,c8ff662c97d345d2,a8fa4ef7a8bc43dc,java8,0,2016-02-23 09:56:34 UTC
cbeb36c24dcbc5c1,c8ff662c97d345d2,2963acac637dbbd5,java8,0,2016-02-23 19:04:00 UTC
cbeb36c24dcbc5c1,c8ff662c97d345d2,76fba8ff25f765b6,java8,1,2016-02-23 20:33:18 UTC
cbeb36c24dcbc5c1,c8ff662c97d345d2,c9713aed1d68c5b5,java8,1,2016-02-23 20:51:44 UTC
cbeb36c24dcbc5c1,c8ff662c97d345d2,a8fa4ef7a8bc43dc,java,0,2016-02-24 09:05:25 UTC
cbeb36c24dcbc5c1,c8ff662c97d345d2,2963acac637dbbd5,java,0,2016-02-24 09:09:31 UTC
6db775b496511a99,c8ff662c97d345d2,b83dc89a78927029,java,1,2016-02-25 18:32:59 UTC
cbeb36c24dcbc5c1,c8ff662c97d345d2,2963acac637dbbd5,java8,0,2016-02-25 19:50:00 UTC
cbeb36c24dcbc5c1,c8ff662c97d345d2,2963acac637dbbd5,java8,0,2016-02-25 20:19:11 UTC
cbeb36c24dcbc5c1,c8ff662c97d345d2,2963acac637dbbd5,java8,0,2016-02-25 20:20:07 UTC
cbeb36c24dcbc5c1,c8ff662c97d345d2,2963acac637dbbd5,java8,0,2016-02-25 20:36:15 UTC
cbeb36c24dcbc5c1,c8ff662c97d345d2,0622d28085b371fe,java8,0,2016-02-27 14:21:38 UTC
cbeb36c24dcbc5c1,c8ff662c97d345d2,0622d28085b371fe,java8,1,2016-02-27 14:28:04 UTC
cbeb36c24dcbc5c1,c8ff662c97d345d2,c4907c481f3d237f,java8,0,2016-02-28 12:10:49 UTC
cbeb36c24dcbc5c1,c8ff662c97d345d2,c4907c481f3d237f,java8,0,2016-02-29 15:16:11 UTC
cbeb36c24dcbc5c1,c8ff662c97d345d2,c4907c481f3d237f,java8,0,2016-02-29 15:23:12 UTC
cbeb36c24dcbc5c1,c8ff662c97d345d2,c4907c481f3d237f,java8,0,2016-02-29 16:41:39 UTC
cbeb36c24dcbc5c1,c8ff662c97d345d2,c4907c481f3d237f,java8,0,2016-02-29 16:47:44 UTC
cbeb36c24dcbc5c1,c8ff662c97d345d2,c4907c481f3d237f,java8,0,2016-02-29 17:09:16 UTC
cbeb36c24dcbc5c1,c8ff662c97d345d2,c4907c481f3d237f,java8,0,2016-02-29 17:24:21 UTC
cbeb36c24dcbc5c1,c8ff662c97d345d2,c4907c481f3d237f,java8,0,2016-02-29 17:30:01 UTC
cbeb36c24dcbc5c1,c8ff662c97d345d2,c4907c481f3d237f,java8,0,2016-03-01 21:29:39 UTC
cbeb36c24dcbc5c1,c8ff662c97d345d2,c4907c481f3d237f,java8,0,2016-03-01 21:57:54 UTC
cbeb36c24dcbc5c1,c8ff662c97d345d2,c4907c481f3d237f,java8,0,2016-03-02 17:15:07 UTC
cbeb36c24dcbc5c1,c8ff662c97d345d2,c4907c481f3d237f,java8,0,2016-03-02 18:17:05 UTC
cbeb36c24dcbc5c1,c8ff662c97d345d2,5e85f62bcbb42ea2,java8,1,2016-03-04 21:17:31 UTC
cbeb36c24dcbc5c1,c8ff662c97d345d2,5e85f62bcbb42ea2,java8,1,2016-03-04 21:30:51 UTC
cbeb36c24dcbc5c1,c8ff662c97d345d2,5e85f62bcbb42ea2,java8,1,2016-03-04 21:51:43 UTC
5b9ad65b3de4161c,5659d4e44684f1bb,de4f367e9bebcd38,cpp,1,2016-03-11 16:53:10 UTC
6db775b496511a99,c8ff662c97d345d2,425f241df843cd89,java,1,2016-03-11 18:39:16 UTC
6db775b496511a99,c8ff662c97d345d2,425f241df843cd89,java,1,2016-03-11 18:42:02 UTC
6db775b496511a99,c8ff662c97d345d2,23e484585a3b5d71,java,0,2016-03-11 19:02:30 UTC
6db775b496511a99,c8ff662c97d345d2,b49bb8ec9c2b8481,java,1,2016-03-11 19:07:23 UTC
6db775b496511a99,c8ff662c97d345d2,158e58a7bdd8de04,java,1,2016-03-11 19:10:43 UTC
6db775b496511a99,c8ff662c97d345d2,a86ed5e7414d5538,text,1,2016-03-15 17:46:10 UTC
6db775b496511a99,c8ff662c97d345d2,de83701af7e75e59,text,1,2016-03-15 17:48:43 UTC
6db775b496511a99,c8ff662c97d345d2,650622546905d47d,text,1,2016-03-15 17:53:59 UTC
5b9ad65b3de4161c,c8ff662c97d345d2,907887e993cd158c,cpp,0,2016-03-24 12:57:48 UTC
5b9ad65b3de4161c,c8ff662c97d345d2,907887e993cd158c,cpp,0,2016-03-24 13:00:44 UTC
5b9ad65b3de4161c,a0439c1be11a5ff2,19987dc91ce7ede7,javascript,1,2016-04-03 10:31:42 UTC
5b9ad65b3de4161c,a0439c1be11a5ff2,e86e991988904007,javascript,1,2016-04-03 10:33:12 UTC
5b9ad65b3de4161c,a0439c1be11a5ff2,9e6ac7add787591b,javascript,1,2016-04-03 10:42:02 UTC
5b9ad65b3de4161c,a0439c1be11a5ff2,045cc01821506a18,javascript,1,2016-04-03 10:47:08 UTC
5b9ad65b3de4161c,a0439c1be11a5ff2,5489c9861b900ba6,javascript,1,2016-04-03 11:00:40 UTC
5b9ad65b3de4161c,a0439c1be11a5ff2,aa3d4f419a86a49f,javascript,0,2016-04-03 11:03:07 UTC
5b9ad65b3de4161c,a0439c1be11a5ff2,aa3d4f419a86a49f,javascript,1,2016-04-03 11:07:23 UTC
5b9ad65b3de4161c,a0439c1be11a5ff2,0d890a7de73c8ec6,javascript,0,2016-04-03 11:19:04 UTC
5b9ad65b3de4161c,c8ff662c97d345d2,a879650fcf667a1a,cpp,1,2016-04-03 17:11:06 UTC
5b9ad65b3de4161c,c8ff662c97d345d2,1d7a6d91194a36ba,cpp,1,2016-04-03 17:34:18 UTC
5b9ad65b3de4161c,c8ff662c97d345d2,bcf619ac719846ba,cpp,0,2016-04-06 10:17:00 UTC
5b9ad65b3de4161c,c8ff662c97d345d2,bcf619ac719846ba,cpp,0,2016-04-06 10:22:26 UTC
6db775b496511a99,c8ff662c97d345d2,34386eca594b7bc2,c,1,2016-04-11 13:04:19 UTC
6db775b496511a99,c8ff662c97d345d2,4ca32b2592ab73ba,java,0,2016-04-13 11:47:31 UTC
6db775b496511a99,c8ff662c97d345d2,4ca32b2592ab73ba,java,0,2016-04-13 11:49:03 UTC
6db775b496511a99,c8ff662c97d345d2,4ca32b2592ab73ba,java,0,2016-04-13 11:50:25 UTC
6db775b496511a99,c8ff662c97d345d2,4ca32b2592ab73ba,java,0,2016-04-13 11:52:37 UTC
6db775b496511a99,8f8167fd27d861a4,57b75715496bc9d4,mysql,1,2016-04-13 13:57:31 UTC
6db775b496511a99,8f8167fd27d861a4,57b75715496bc9d4,mysql,1,2016-04-13 13:58:03 UTC
6db775b496511a99,c8ff662c97d345d2,b83dc89a78927029,java,1,2016-04-15 09:04:57 UTC
6db775b496511a99,c8ff662c97d345d2,daaa4f5cca620546,java,1,2016-04-15 09:41:53 UTC
6db775b496511a99,c8ff662c97d345d2,133172ee60755587,java,1,2016-04-15 09:56:39 UTC
6db775b496511a99,c8ff662c97d345d2,133172ee60755587,java,1,2016-04-15 10:01:17 UTC
6db775b496511a99,c8ff662c97d345d2,4ca32b2592ab73ba,java,1,2016-04-15 10:03:38 UTC
6db775b496511a99,8f8167fd27d861a4,c38456afda0d7324,mysql,1,2016-04-15 10:33:01 UTC
6db775b496511a99,5d70c374e6959faf,b921e7bf238bd51d,cpp,1,2016-04-18 09:06:47 UTC
6db775b496511a99,5d70c374e6959faf,8cb0820eb317bac5,cpp,1,2016-04-18 09:08:06 UTC
6db775b496511a99,5d70c374e6959faf,70892c849d5a1cd0,cpp,1,2016-04-18 09:09:20 UTC
6db775b496511a99,5d70c374e6959faf,b56015dc2ad267f2,cpp,1,2016-04-18 09:10:32 UTC
6db775b496511a99,5d70c374e6959faf,a20a61eb8a15542e,cpp,1,2016-04-18 09:12:17 UTC
6db775b496511a99,5d70c374e6959faf,5f12b00bb46b5df7,cpp,1,2016-04-18 09:14:27 UTC
6db775b496511a99,5d70c374e6959faf,865b0a53fafacfe3,cpp,1,2016-04-18 09:17:23 UTC
6db775b496511a99,5d70c374e6959faf,d74e999dbab5c0ba,cpp,1,2016-04-18 09:19:25 UTC
e63c9746fafd8fb1,c8ff662c97d345d2,b83dc89a78927029,java,1,2016-04-19 23:41:38 UTC
e63c9746fafd8fb1,c8ff662c97d345d2,4ca32b2592ab73ba,java,1,2016-04-21 16:08:19 UTC
e63c9746fafd8fb1,c8ff662c97d345d2,133172ee60755587,java,1,2016-04-21 16:14:24 UTC
5b9ad65b3de4161c,c8ff662c97d345d2,904af72639b6305d,cpp,0,2016-04-22 04:12:50 UTC
5b9ad65b3de4161c,c8ff662c97d345d2,904af72639b6305d,cpp,1,2016-04-22 04:14:23 UTC
5b9ad65b3de4161c,c8ff662c97d345d2,5aefedf2749deae0,cpp,1,2016-04-22 04:24:56 UTC
5b9ad65b3de4161c,c8ff662c97d345d2,9f91bf4f7366cf24,cpp,1,2016-04-22 05:20:53 UTC
5b9ad65b3de4161c,c8ff662c97d345d2,bcf619ac719846ba,cpp,0,2016-04-22 09:07:19 UTC
5b9ad65b3de4161c,c8ff662c97d345d2,bcf619ac719846ba,cpp,0,2016-04-22 09:48:18 UTC
5b9ad65b3de4161c,c8ff662c97d345d2,bcf619ac719846ba,cpp,0,2016-04-22 09:52:28 UTC
5b9ad65b3de4161c,c8ff662c97d345d2,bcf619ac719846ba,cpp,0,2016-04-22 10:20:15 UTC
5b9ad65b3de4161c,c8ff662c97d345d2,bcf619ac719846ba,cpp,0,2016-04-22 10:26:39 UTC
5b9ad65b3de4161c,c8ff662c97d345d2,bcf619ac719846ba,cpp,0,2016-04-22 10:33:03 UTC
5b9ad65b3de4161c,c8ff662c97d345d2,bcf619ac719846ba,cpp,0,2016-04-22 10:36:08 UTC
5b9ad65b3de4161c,c8ff662c97d345d2,bcf619ac719846ba,cpp,0,2016-04-22 10:36:09 UTC
5b9ad65b3de4161c,c8ff662c97d345d2,bcf619ac719846ba,cpp,0,2016-04-22 10:39:20 UTC
5b9ad65b3de4161c,c8ff662c97d345d2,bcf619ac719846ba,cpp,0,2016-04-22 10:42:00 UTC
5b9ad65b3de4161c,c8ff662c97d345d2,bcf619ac719846ba,cpp,0,2016-04-22 10:42:47 UTC
6db775b496511a99,c8ff662c97d345d2,b762b4745c29f827,java,1,2016-04-22 10:46:26 UTC
5b9ad65b3de4161c,c8ff662c97d345d2,bcf619ac719846ba,cpp,1,2016-04-22 10:48:21 UTC
5b9ad65b3de4161c,c8ff662c97d345d2,bcf619ac719846ba,cpp,1,2016-04-22 10:49:30 UTC
5b9ad65b3de4161c,c8ff662c97d345d2,c0646913180bb21e,cpp,1,2016-04-22 11:49:31 UTC
5b9ad65b3de4161c,c8ff662c97d345d2,b83dc89a78927029,java,1,2016-04-22 12:06:35 UTC
5b9ad65b3de4161c,c8ff662c97d345d2,4ca32b2592ab73ba,java,1,2016-04-22 12:10:09 UTC
6db775b496511a99,c8ff662c97d345d2,afa77d50f8c04467,java,1,2016-04-25 09:17:38 UTC
6db775b496511a99,c8ff662c97d345d2,74120d321717e2ed,java,1,2016-04-25 09:29:12 UTC
6db775b496511a99,c8ff662c97d345d2,e385f6ef38fe65c7,java,0,2016-04-25 09:50:45 UTC
6db775b496511a99,c8ff662c97d345d2,7cd6cfa712d23d5d,java,1,2016-04-25 09:59:57 UTC
6db775b496511a99,5d70c374e6959faf,06f903c836d4c7fb,cpp,1,2016-04-28 12:27:44 UTC
5b9ad65b3de4161c,c8ff662c97d345d2,dcb76def3ced9d7b,cpp,0,2016-04-30 04:49:52 UTC
5b9ad65b3de4161c,c8ff662c97d345d2,dcb76def3ced9d7b,cpp,1,2016-04-30 04:50:15 UTC
5b9ad65b3de4161c,c8ff662c97d345d2,0f71aee4e0c51f7c,cpp,1,2016-05-05 03:56:27 UTC
cfd28494d8a2b887,c8ff662c97d345d2,b83dc89a78927029,java,1,2016-05-05 23:44:04 UTC
cfd28494d8a2b887,c8ff662c97d345d2,4ca32b2592ab73ba,java,1,2016-05-05 23:45:47 UTC
cfd28494d8a2b887,c8ff662c97d345d2,133172ee60755587,java,1,2016-05-05 23:50:57 UTC
cfd28494d8a2b887,c8ff662c97d345d2,daaa4f5cca620546,java,1,2016-05-06 00:09:18 UTC
cfd28494d8a2b887,c8ff662c97d345d2,18bfe9bc49fc7059,java,1,2016-05-06 13:52:56 UTC
cfd28494d8a2b887,c8ff662c97d345d2,2756b06ce2146424,java,1,2016-05-06 18:05:40 UTC
cfd28494d8a2b887,c8ff662c97d345d2,857761be90b935e1,java,1,2016-05-06 19:08:24 UTC
cfd28494d8a2b887,c8ff662c97d345d2,857761be90b935e1,java,1,2016-05-06 19:16:37 UTC
cfd28494d8a2b887,c8ff662c97d345d2,158e58a7bdd8de04,java,1,2016-05-06 19:20:30 UTC
cfd28494d8a2b887,c8ff662c97d345d2,dcb76def3ced9d7b,java,0,2016-05-06 19:50:54 UTC
cfd28494d8a2b887,c8ff662c97d345d2,dcb76def3ced9d7b,java,1,2016-05-06 19:51:35 UTC
5b9ad65b3de4161c,c8ff662c97d345d2,0b0e6ec4e4b377e9,cpp,1,2016-05-09 04:41:21 UTC
5b9ad65b3de4161c,c8ff662c97d345d2,8d41b1931e701264,cpp,0,2016-05-09 05:02:09 UTC
5b9ad65b3de4161c,c8ff662c97d345d2,8d41b1931e701264,cpp,0,2016-05-09 05:04:13 UTC
5b9ad65b3de4161c,c8ff662c97d345d2,8d41b1931e701264,cpp,0,2016-05-09 05:04:59 UTC
5b9ad65b3de4161c,c8ff662c97d345d2,8d41b1931e701264,cpp,1,2016-05-09 05:06:12 UTC
5b9ad65b3de4161c,c8ff662c97d345d2,8d41b1931e701264,cpp,1,2016-05-09 05:06:19 UTC
cfd28494d8a2b887,c8ff662c97d345d2,fd32207d8c5795ab,java,1,2016-05-09 17:07:10 UTC
cfd28494d8a2b887,c8ff662c97d345d2,4fe2da53074027da,java,1,2016-05-09 17:12:06 UTC
cfd28494d8a2b887,c8ff662c97d345d2,f62ad414720a6b8a,java,1,2016-05-09 17:15:55 UTC
cfd28494d8a2b887,c8ff662c97d345d2,8b1fd9d37a2ba75a,java,1,2016-05-09 17:32:50 UTC
cfd28494d8a2b887,c8ff662c97d345d2,40e0ba61376a77cb,java,1,2016-05-09 17:51:33 UTC
5b9ad65b3de4161c,c8ff662c97d345d2,ac328ad89ad898d4,cpp,1,2016-05-10 10:49:54 UTC
cfd28494d8a2b887,c8ff662c97d345d2,8aadf4d7f7355fb6,java,1,2016-05-11 17:42:32 UTC
cfd28494d8a2b887,c8ff662c97d345d2,baae1c5a760d191f,java,1,2016-05-11 17:48:20 UTC
cfd28494d8a2b887,c8ff662c97d345d2,06630624f8af0d31,java,1,2016-05-13 02:08:34 UTC
5b9ad65b3de4161c,c8ff662c97d345d2,fd32207d8c5795ab,cpp,1,2016-05-16 15:08:58 UTC
5b9ad65b3de4161c,c8ff662c97d345d2,4fe2da53074027da,cpp,0,2016-05-16 15:36:12 UTC
5b9ad65b3de4161c,c8ff662c97d345d2,4fe2da53074027da,cpp,0,2016-05-16 15:39:22 UTC
5b9ad65b3de4161c,c8ff662c97d345d2,4fe2da53074027da,cpp,0,2016-05-16 15:40:50 UTC
5b9ad65b3de4161c,c8ff662c97d345d2,4fe2da53074027da,cpp,0,2016-05-16 15:41:58 UTC
5b9ad65b3de4161c,c8ff662c97d345d2,4fe2da53074027da,cpp,0,2016-05-16 15:51:30 UTC
5b9ad65b3de4161c,c8ff662c97d345d2,4fe2da53074027da,cpp,0,2016-05-16 15:57:04 UTC
5b9ad65b3de4161c,c8ff662c97d345d2,4fe2da53074027da,cpp,1,2016-05-16 16:02:03 UTC
cfd28494d8a2b887,c8ff662c97d345d2,0f71aee4e0c51f7c,java,1,2016-05-16 22:52:27 UTC
cfd28494d8a2b887,c8ff662c97d345d2,7de92abeb686999e,java,1,2016-05-16 23:48:47 UTC
cfd28494d8a2b887,c8ff662c97d345d2,fa6ea81f8219bbf0,java,1,2016-05-17 00:14:23 UTC
cfd28494d8a2b887,c8ff662c97d345d2,054733ee9380e302,java,1,2016-05-17 00:56:19 UTC
cfd28494d8a2b887,c8ff662c97d345d2,054733ee9380e302,java,0,2016-05-17 02:25:33 UTC
cfd28494d8a2b887,c8ff662c97d345d2,054733ee9380e302,java,1,2016-05-17 02:25:51 UTC
5b9ad65b3de4161c,c8ff662c97d345d2,4d2b2002b1746126,cpp,0,2016-05-18 04:44:57 UTC
5b9ad65b3de4161c,c8ff662c97d345d2,4d2b2002b1746126,cpp,1,2016-05-18 04:46:21 UTC
cfd28494d8a2b887,c8ff662c97d345d2,448612b19f5d689e,java,1,2016-05-19 03:05:05 UTC
cfd28494d8a2b887,c8ff662c97d345d2,ac328ad89ad898d4,java,1,2016-05-19 03:39:56 UTC
cfd28494d8a2b887,c8ff662c97d345d2,204814981f956907,java,1,2016-05-20 01:48:19 UTC
5b9ad65b3de4161c,c8ff662c97d345d2,64fb2566ad8d081d,cpp,1,2016-05-21 08:08:12 UTC
cbeb36c24dcbc5c1,c8ff662c97d345d2,61886240110aab5d,java,1,2016-05-23 13:49:52 UTC
cbeb36c24dcbc5c1,c8ff662c97d345d2,4f58ddbcdf9c22bb,java,0,2016-05-23 14:54:24 UTC
cbeb36c24dcbc5c1,c8ff662c97d345d2,4f58ddbcdf9c22bb,java,0,2016-05-23 14:57:27 UTC
cbeb36c24dcbc5c1,c8ff662c97d345d2,4f58ddbcdf9c22bb,java,1,2016-05-23 14:58:16 UTC
cfd28494d8a2b887,c8ff662c97d345d2,3cdb06aa24b4d19b,java,1,2016-05-23 20:41:59 UTC
cfd28494d8a2b887,c8ff662c97d345d2,64fb2566ad8d081d,java,1,2016-05-24 22:31:40 UTC
cfd28494d8a2b887,c8ff662c97d345d2,326374f1cc7aed56,java,1,2016-05-24 22:36:17 UTC
e63c9746fafd8fb1,c8ff662c97d345d2,daaa4f5cca620546,java,0,2016-05-27 03:25:18 UTC
e63c9746fafd8fb1,c8ff662c97d345d2,daaa4f5cca620546,java,0,2016-05-27 03:27:39 UTC
e63c9746fafd8fb1,c8ff662c97d345d2,daaa4f5cca620546,java,0,2016-05-27 03:28:59 UTC
e63c9746fafd8fb1,c8ff662c97d345d2,daaa4f5cca620546,java,1,2016-05-27 03:29:53 UTC
e63c9746fafd8fb1,c8ff662c97d345d2,7e860acda8697471,java,1,2016-05-27 03:50:17 UTC
e63c9746fafd8fb1,c8ff662c97d345d2,0ea21bb9feaf46c8,java,1,2016-05-27 03:52:30 UTC
e63c9746fafd8fb1,c8ff662c97d345d2,34386eca594b7bc2,java,0,2016-06-03 01:38:13 UTC
e63c9746fafd8fb1,c8ff662c97d345d2,34386eca594b7bc2,java,1,2016-06-03 01:41:39 UTC
e63c9746fafd8fb1,c8ff662c97d345d2,b49bb8ec9c2b8481,java,0,2016-06-03 01:53:59 UTC
e63c9746fafd8fb1,c8ff662c97d345d2,b49bb8ec9c2b8481,java,0,2016-06-03 01:54:42 UTC
e63c9746fafd8fb1,c8ff662c97d345d2,b49bb8ec9c2b8481,java,0,2016-06-03 01:57:11 UTC
cbeb36c24dcbc5c1,c8ff662c97d345d2,4294f80b53ed0626,java,1,2016-06-12 18:15:18 UTC
cbeb36c24dcbc5c1,c8ff662c97d345d2,4294f80b53ed0626,java,1,2016-06-12 18:16:34 UTC
f2dde50acc446f3f,c8ff662c97d345d2,dcb76def3ced9d7b,c,1,2016-06-22 17:51:20 UTC
c0dafaea857ac59b,c8ff662c97d345d2,dcb76def3ced9d7b,java8,1,2016-07-01 06:37:21 UTC
c0dafaea857ac59b,c8ff662c97d345d2,fd32207d8c5795ab,python,1,2016-07-02 06:47:59 UTC
c0dafaea857ac59b,c8ff662c97d345d2,4fe2da53074027da,python,0,2016-07-03 07:15:53 UTC
c0dafaea857ac59b,c8ff662c97d345d2,4fe2da53074027da,python,1,2016-07-03 07:23:53 UTC
c0dafaea857ac59b,c8ff662c97d345d2,b83dc89a78927029,java,1,2016-07-03 07:41:10 UTC
c0dafaea857ac59b,c8ff662c97d345d2,f62ad414720a6b8a,python,1,2016-07-04 06:02:41 UTC
c0dafaea857ac59b,c8ff662c97d345d2,8aadf4d7f7355fb6,python,1,2016-07-05 06:15:52 UTC
c0dafaea857ac59b,c8ff662c97d345d2,133172ee60755587,java,1,2016-07-06 09:08:26 UTC
c0dafaea857ac59b,c8ff662c97d345d2,baae1c5a760d191f,python,1,2016-07-06 09:11:06 UTC
eacf0f920db6baa6,a0439c1be11a5ff2,19987dc91ce7ede7,javascript,1,2016-07-08 18:00:54 UTC
eacf0f920db6baa6,a0439c1be11a5ff2,e86e991988904007,javascript,0,2016-07-08 18:30:55 UTC
c0dafaea857ac59b,c8ff662c97d345d2,fa6ea81f8219bbf0,python,1,2016-07-10 08:21:40 UTC
f2dde50acc446f3f,c8ff662c97d345d2,fd32207d8c5795ab,java,1,2016-07-12 22:07:08 UTC
f2dde50acc446f3f,c8ff662c97d345d2,4fe2da53074027da,java,1,2016-07-13 20:26:55 UTC
f2dde50acc446f3f,c8ff662c97d345d2,f62ad414720a6b8a,java,1,2016-07-13 20:47:55 UTC
59bd4ea8afc3ddcd,c8ff662c97d345d2,6ec64e7d27e0c635,mysql,1,2016-07-14 06:34:47 UTC
59bd4ea8afc3ddcd,c8ff662c97d345d2,8bbb60c66212e3ab,mysql,1,2016-07-14 06:38:56 UTC
59bd4ea8afc3ddcd,c8ff662c97d345d2,38564e955cd5b4ff,mysql,1,2016-07-14 06:43:48 UTC
59bd4ea8afc3ddcd,c8ff662c97d345d2,4d3079ffbc9d8b82,mysql,1,2016-07-14 06:45:31 UTC
59bd4ea8afc3ddcd,c8ff662c97d345d2,10679edd0b99c8ae,mysql,1,2016-07-14 06:46:41 UTC
59bd4ea8afc3ddcd,c8ff662c97d345d2,923f5c94b00cbec8,mysql,1,2016-07-14 06:47:29 UTC
59bd4ea8afc3ddcd,c8ff662c97d345d2,f5bbe9d934a13b45,mysql,1,2016-07-14 06:48:43 UTC
f2dde50acc446f3f,c8ff662c97d345d2,8aadf4d7f7355fb6,java,1,2016-07-14 19:51:27 UTC
f2dde50acc446f3f,c8ff662c97d345d2,baae1c5a760d191f,java,1,2016-07-14 20:01:13 UTC
f2dde50acc446f3f,c8ff662c97d345d2,06630624f8af0d31,java,1,2016-07-14 20:30:45 UTC
f2dde50acc446f3f,c8ff662c97d345d2,0f71aee4e0c51f7c,java,1,2016-07-14 20:35:43 UTC
f2dde50acc446f3f,c8ff662c97d345d2,7de92abeb686999e,java,1,2016-07-15 21:25:55 UTC
f2dde50acc446f3f,c8ff662c97d345d2,fa6ea81f8219bbf0,java,1,2016-07-15 21:33:24 UTC
f2dde50acc446f3f,c8ff662c97d345d2,054733ee9380e302,java,0,2016-07-15 22:25:10 UTC
f2dde50acc446f3f,c8ff662c97d345d2,054733ee9380e302,java,0,2016-07-16 06:35:51 UTC
f2dde50acc446f3f,c8ff662c97d345d2,054733ee9380e302,java,1,2016-07-16 15:33:27 UTC
f2dde50acc446f3f,c8ff662c97d345d2,448612b19f5d689e,java,1,2016-07-16 17:10:43 UTC
f2dde50acc446f3f,c8ff662c97d345d2,ac328ad89ad898d4,java,1,2016-07-16 17:53:55 UTC
f2dde50acc446f3f,c8ff662c97d345d2,204814981f956907,java,1,2016-07-16 19:00:18 UTC
f2dde50acc446f3f,c8ff662c97d345d2,3cdb06aa24b4d19b,java,1,2016-07-16 20:31:31 UTC
f2dde50acc446f3f,c8ff662c97d345d2,64fb2566ad8d081d,java,1,2016-07-17 14:19:19 UTC
f2dde50acc446f3f,c8ff662c97d345d2,326374f1cc7aed56,java,1,2016-07-17 16:30:08 UTC
f2dde50acc446f3f,c8ff662c97d345d2,26dc3a7dbe54893c,java,0,2016-07-17 16:51:19 UTC
f2dde50acc446f3f,c8ff662c97d345d2,26dc3a7dbe54893c,java,1,2016-07-17 16:54:19 UTC
f2dde50acc446f3f,c8ff662c97d345d2,c3d6ffdda2e9379a,java,1,2016-07-17 17:15:12 UTC
f2dde50acc446f3f,c8ff662c97d345d2,cca7b262e30a660a,java,1,2016-07-17 19:07:49 UTC
f2dde50acc446f3f,c8ff662c97d345d2,59459a84330d2cda,java,1,2016-07-17 19:29:59 UTC
f2dde50acc446f3f,c8ff662c97d345d2,8fa7cb7379eafa2e,java,1,2016-07-17 19:34:34 UTC
f2dde50acc446f3f,c8ff662c97d345d2,cce53f09410ab5c3,cpp,1,2016-07-17 19:38:06 UTC
f2dde50acc446f3f,c8ff662c97d345d2,77bf7d4d9b802e5c,java,1,2016-07-17 19:48:48 UTC
f2dde50acc446f3f,c8ff662c97d345d2,a21aa9484e20a227,java,1,2016-07-17 19:50:47 UTC
f2dde50acc446f3f,c8ff662c97d345d2,f2a3308e8a3e0ea4,java,0,2016-07-17 20:01:21 UTC
f2dde50acc446f3f,c8ff662c97d345d2,f2a3308e8a3e0ea4,java,0,2016-07-17 20:06:01 UTC
f2dde50acc446f3f,c8ff662c97d345d2,f2a3308e8a3e0ea4,java,0,2016-07-17 20:07:49 UTC
f2dde50acc446f3f,c8ff662c97d345d2,f2a3308e8a3e0ea4,java,1,2016-07-17 20:08:38 UTC
f2dde50acc446f3f,c8ff662c97d345d2,c8125df23e3d8399,java,0,2016-07-17 20:30:26 UTC
f2dde50acc446f3f,c8ff662c97d345d2,c8125df23e3d8399,java,0,2016-07-17 20:32:29 UTC
f2dde50acc446f3f,c8ff662c97d345d2,c8125df23e3d8399,java,1,2016-07-17 20:35:09 UTC
f2dde50acc446f3f,c8ff662c97d345d2,7e860acda8697471,java,1,2016-07-17 20:37:44 UTC
f2dde50acc446f3f,c8ff662c97d345d2,2c63103739b495bd,java,0,2016-07-17 20:57:02 UTC
f2dde50acc446f3f,c8ff662c97d345d2,2c63103739b495bd,java,1,2016-07-17 20:58:41 UTC
f2dde50acc446f3f,c8ff662c97d345d2,5e3204219e25bd7a,java,1,2016-07-17 21:06:54 UTC
f2dde50acc446f3f,c8ff662c97d345d2,5e7c4c10a3ceab24,java,1,2016-07-17 21:12:14 UTC
f2dde50acc446f3f,c8ff662c97d345d2,663f8dc0a85f9d6d,java,0,2016-07-17 21:29:23 UTC
f2dde50acc446f3f,c8ff662c97d345d2,663f8dc0a85f9d6d,java,0,2016-07-17 21:35:45 UTC
f2dde50acc446f3f,c8ff662c97d345d2,663f8dc0a85f9d6d,java,0,2016-07-17 21:49:33 UTC
f2dde50acc446f3f,c8ff662c97d345d2,663f8dc0a85f9d6d,java,0,2016-07-17 21:50:20 UTC
f2dde50acc446f3f,c8ff662c97d345d2,663f8dc0a85f9d6d,java,0,2016-07-17 21:51:37 UTC
f2dde50acc446f3f,c8ff662c97d345d2,663f8dc0a85f9d6d,java,0,2016-07-17 21:55:10 UTC
f2dde50acc446f3f,c8ff662c97d345d2,663f8dc0a85f9d6d,java,1,2016-07-17 22:02:12 UTC
f2dde50acc446f3f,c8ff662c97d345d2,b2e2c99dfa59357e,java,1,2016-07-17 22:16:42 UTC
f2dde50acc446f3f,c8ff662c97d345d2,80e613c33b8c63f4,java,1,2016-07-17 22:33:29 UTC
f2dde50acc446f3f,c8ff662c97d345d2,0438f14b91725173,java,0,2016-07-17 22:56:47 UTC
f2dde50acc446f3f,c8ff662c97d345d2,0438f14b91725173,java,0,2016-07-17 23:04:07 UTC
f2dde50acc446f3f,c8ff662c97d345d2,0438f14b91725173,java,0,2016-07-17 23:17:26 UTC
f2dde50acc446f3f,c8ff662c97d345d2,0438f14b91725173,java,1,2016-07-17 23:19:17 UTC
f2dde50acc446f3f,c8ff662c97d345d2,14494ad91c883fa1,java,1,2016-07-17 23:38:19 UTC
f2dde50acc446f3f,c8ff662c97d345d2,7f379545e1a00569,java,0,2016-07-18 09:37:30 UTC
f2dde50acc446f3f,c8ff662c97d345d2,7f379545e1a00569,java,0,2016-07-18 09:49:55 UTC
f2dde50acc446f3f,c8ff662c97d345d2,7f379545e1a00569,java,0,2016-07-18 15:46:08 UTC
f2dde50acc446f3f,c8ff662c97d345d2,7f379545e1a00569,java,0,2016-07-18 15:48:43 UTC
f2dde50acc446f3f,c8ff662c97d345d2,7f379545e1a00569,java,0,2016-07-18 15:52:06 UTC
f2dde50acc446f3f,c8ff662c97d345d2,7f379545e1a00569,java,0,2016-07-18 15:57:10 UTC
f2dde50acc446f3f,c8ff662c97d345d2,731c2b105e8c5d1d,java,0,2016-07-18 15:59:26 UTC
f2dde50acc446f3f,c8ff662c97d345d2,7f379545e1a00569,java,0,2016-07-18 16:04:53 UTC
f2dde50acc446f3f,c8ff662c97d345d2,7f379545e1a00569,java,0,2016-07-18 16:08:49 UTC
f2dde50acc446f3f,c8ff662c97d345d2,27efe455649ee698,java,1,2016-07-18 16:58:02 UTC
f2dde50acc446f3f,c8ff662c97d345d2,8931f6c2b1c8dabe,java,1,2016-07-20 09:18:46 UTC
f2dde50acc446f3f,c8ff662c97d345d2,c50186e912ae7eca,java,1,2016-07-20 09:20:05 UTC
f2dde50acc446f3f,c8ff662c97d345d2,c46d6fdffe8c390e,cpp,1,2016-07-20 09:22:43 UTC
f2dde50acc446f3f,babdf7e738a6c17e,a382041de1bfbd00,java,0,2016-07-26 17:50:09 UTC
f2dde50acc446f3f,c8ff662c97d345d2,0ea21bb9feaf46c8,java,1,2016-07-27 12:55:18 UTC
f2dde50acc446f3f,c8ff662c97d345d2,55f8a66f057a7e76,java,1,2016-07-27 13:02:55 UTC
f2dde50acc446f3f,c8ff662c97d345d2,c9713aed1d68c5b5,c,1,2016-07-27 13:12:53 UTC
f2dde50acc446f3f,babdf7e738a6c17e,a382041de1bfbd00,c,1,2016-07-27 16:12:49 UTC
f2dde50acc446f3f,c8ff662c97d345d2,34386eca594b7bc2,java,1,2016-07-29 07:42:08 UTC
f2dde50acc446f3f,c8ff662c97d345d2,b49bb8ec9c2b8481,java,0,2016-07-29 08:03:02 UTC
f2dde50acc446f3f,c8ff662c97d345d2,28d433f78afdce40,cpp,1,2016-07-31 16:41:47 UTC
f2dde50acc446f3f,c8ff662c97d345d2,04d37de4a52f9e22,cpp,1,2016-07-31 20:42:20 UTC
f2dde50acc446f3f,c8ff662c97d345d2,b49bb8ec9c2b8481,java,0,2016-07-31 21:07:46 UTC
f2dde50acc446f3f,c8ff662c97d345d2,b49bb8ec9c2b8481,java,1,2016-07-31 21:14:45 UTC
f2dde50acc446f3f,c8ff662c97d345d2,59ec55c0e537bfcf,java,0,2016-07-31 22:02:38 UTC
f2dde50acc446f3f,c8ff662c97d345d2,59ec55c0e537bfcf,java,0,2016-08-01 05:10:11 UTC
f2dde50acc446f3f,c8ff662c97d345d2,59ec55c0e537bfcf,java,1,2016-08-01 06:53:52 UTC
f2dde50acc446f3f,c8ff662c97d345d2,26c95b75d8237f39,java,1,2016-08-01 17:46:57 UTC
f2dde50acc446f3f,c8ff662c97d345d2,9580a525da7618e9,java,0,2016-08-01 18:06:54 UTC
ec0ee6ff3ff20780,c8ff662c97d345d2,8b70cbd7f8b9a2af,cpp,1,2016-08-04 12:53:12 UTC
ec0ee6ff3ff20780,c8ff662c97d345d2,8b70cbd7f8b9a2af,cpp,1,2016-08-04 12:53:35 UTC
ec0ee6ff3ff20780,c8ff662c97d345d2,4234a6f798992f02,cpp,0,2016-08-04 13:01:34 UTC
ec0ee6ff3ff20780,c8ff662c97d345d2,4234a6f798992f02,cpp,0,2016-08-04 13:01:57 UTC
ec0ee6ff3ff20780,c8ff662c97d345d2,4234a6f798992f02,cpp,0,2016-08-04 13:02:24 UTC
ec0ee6ff3ff20780,c8ff662c97d345d2,07e18856d86b7b31,cpp,0,2016-08-04 13:23:28 UTC
ec0ee6ff3ff20780,c8ff662c97d345d2,07e18856d86b7b31,cpp,0,2016-08-04 13:24:06 UTC
ec0ee6ff3ff20780,c8ff662c97d345d2,11408b97e53ec7ed,cpp,0,2016-08-04 13:36:00 UTC
38c78d306d88e160,c8ff662c97d345d2,dcb76def3ced9d7b,java,1,2016-08-09 18:47:15 UTC
82a8a4b8758d728c,c8ff662c97d345d2,dcb76def3ced9d7b,java,1,2016-08-10 16:51:34 UTC
38c78d306d88e160,c8ff662c97d345d2,fd32207d8c5795ab,java,1,2016-08-14 17:46:53 UTC
38c78d306d88e160,c8ff662c97d345d2,4fe2da53074027da,java,1,2016-08-14 17:55:05 UTC
38c78d306d88e160,c8ff662c97d345d2,f62ad414720a6b8a,java,0,2016-08-14 17:59:34 UTC
38c78d306d88e160,c8ff662c97d345d2,f62ad414720a6b8a,java,0,2016-08-14 18:01:21 UTC
38c78d306d88e160,c8ff662c97d345d2,f62ad414720a6b8a,java,1,2016-08-14 18:02:35 UTC
38c78d306d88e160,c8ff662c97d345d2,8aadf4d7f7355fb6,java,1,2016-08-14 18:22:14 UTC
38c78d306d88e160,c8ff662c97d345d2,baae1c5a760d191f,java,1,2016-08-14 18:31:12 UTC
82a8a4b8758d728c,c8ff662c97d345d2,fd32207d8c5795ab,java,1,2016-08-15 15:28:58 UTC
82a8a4b8758d728c,c8ff662c97d345d2,4fe2da53074027da,java,1,2016-08-15 15:34:07 UTC
82a8a4b8758d728c,c8ff662c97d345d2,f62ad414720a6b8a,java,1,2016-08-15 15:40:35 UTC
82a8a4b8758d728c,c8ff662c97d345d2,8aadf4d7f7355fb6,java,1,2016-08-15 15:54:32 UTC
82a8a4b8758d728c,c8ff662c97d345d2,baae1c5a760d191f,java,0,2016-08-15 16:38:18 UTC
82a8a4b8758d728c,c8ff662c97d345d2,baae1c5a760d191f,java,1,2016-08-15 16:40:14 UTC
82a8a4b8758d728c,c8ff662c97d345d2,8b70cbd7f8b9a2af,cpp,1,2016-08-15 20:37:18 UTC
82a8a4b8758d728c,c8ff662c97d345d2,4234a6f798992f02,cpp,1,2016-08-15 20:41:21 UTC
82a8a4b8758d728c,c8ff662c97d345d2,07e18856d86b7b31,cpp,1,2016-08-15 20:53:03 UTC
82a8a4b8758d728c,c8ff662c97d345d2,11408b97e53ec7ed,cpp,1,2016-08-15 20:58:43 UTC
82a8a4b8758d728c,c8ff662c97d345d2,70f890aca1fe19cb,cpp,1,2016-08-15 21:06:53 UTC
82a8a4b8758d728c,c8ff662c97d345d2,70f890aca1fe19cb,cpp,1,2016-08-15 21:08:26 UTC
82a8a4b8758d728c,c8ff662c97d345d2,ebc21a6684955a22,cpp,1,2016-08-15 21:11:49 UTC
82a8a4b8758d728c,c8ff662c97d345d2,b14017a1a69a0f77,cpp,1,2016-08-15 21:16:15 UTC
82a8a4b8758d728c,c8ff662c97d345d2,4bdd5803ef48637a,cpp,1,2016-08-15 21:22:53 UTC
82a8a4b8758d728c,c8ff662c97d345d2,9ad201416bfbac74,cpp,1,2016-08-15 22:22:42 UTC
82a8a4b8758d728c,c8ff662c97d345d2,4d2b2002b1746126,cpp,1,2016-08-15 23:01:45 UTC
82a8a4b8758d728c,c8ff662c97d345d2,58e4d4366fbb779d,cpp,1,2016-08-15 23:49:27 UTC
82a8a4b8758d728c,c8ff662c97d345d2,06630624f8af0d31,cpp,1,2016-08-17 18:17:13 UTC
82a8a4b8758d728c,c8ff662c97d345d2,0f71aee4e0c51f7c,cpp,1,2016-08-17 18:21:06 UTC
82a8a4b8758d728c,c8ff662c97d345d2,708f76eec95921ed,cpp,1,2016-08-17 18:40:21 UTC
82a8a4b8758d728c,c8ff662c97d345d2,f45a3dbd147c2323,cpp,1,2016-08-17 21:11:20 UTC
82a8a4b8758d728c,c8ff662c97d345d2,7e860acda8697471,cpp,1,2016-08-17 21:57:47 UTC
82a8a4b8758d728c,c8ff662c97d345d2,5e3204219e25bd7a,cpp,1,2016-08-17 22:07:48 UTC
82a8a4b8758d728c,c8ff662c97d345d2,0ea21bb9feaf46c8,cpp,1,2016-08-17 22:13:57 UTC
82a8a4b8758d728c,c8ff662c97d345d2,55f8a66f057a7e76,cpp,1,2016-08-17 22:26:58 UTC
82a8a4b8758d728c,c8ff662c97d345d2,40d9b17d7127bc27,haskell,1,2016-08-18 15:34:43 UTC
82a8a4b8758d728c,c8ff662c97d345d2,57335ed6ba7ec88c,clojure,1,2016-08-18 15:44:47 UTC
82a8a4b8758d728c,c8ff662c97d345d2,96c047d699191ef9,clojure,1,2016-08-18 17:04:19 UTC
82a8a4b8758d728c,c8ff662c97d345d2,711287a967051966,clojure,1,2016-08-18 17:24:46 UTC
82a8a4b8758d728c,c8ff662c97d345d2,7de92abeb686999e,cpp,1,2016-08-18 21:08:36 UTC
82a8a4b8758d728c,c8ff662c97d345d2,a879650fcf667a1a,cpp,1,2016-08-18 22:50:07 UTC
82a8a4b8758d728c,c8ff662c97d345d2,fa6ea81f8219bbf0,cpp,1,2016-08-19 18:36:33 UTC
82a8a4b8758d728c,c8ff662c97d345d2,a177f57b92fd38d6,cpp,1,2016-08-19 21:20:19 UTC
82a8a4b8758d728c,c8ff662c97d345d2,08620fa095caf8f5,cpp,0,2016-08-19 21:30:25 UTC
